[{"pk": 1, "model": "pyconkr.room", "fields": {"desc": "249\uc11d 98\ud3c9 \uc55e\uc5d0 \ucc45\uc0c1\uc774 \uc5c6\uace0, \uc758\uc790 \uc190\uc7a1\uc774 \uc548\uc5d0 \ucc45\uc0c1\uc774 \ub4e4\uc5b4\uc788\uc74c.", "name": "\uc82c\ub9c8\ud640", "location": "B107"}}, {"pk": 2, "model": "pyconkr.room", "fields": {"desc": "146\uc11d 49\ud3c9 \uc55e\uc5d0 \ud070 \ucc45\uc0c1\uc774 \uc788\uace0 \uac19\uc740 \ucc45\uc0c1\uc744 \uc758\uc790 6\uac1c \ud639\uc740 7\uac1c\uac00 \uacf5\uc720\ud558\ub294 \ubaa8\uc591.", "name": "\uacc4\ub2e8\uac15\uc758\uc2e4", "location": "B121"}}, {"pk": 3, "model": "pyconkr.room", "fields": {"desc": "70\uc11d 22\ud3c9. \ub9c8\uc9c0\ub9c9\uc5d0 \ucd94\uac00\ub41c \uc7a5\uc18c.", "name": "B115", "location": "B115"}}, {"pk": 1, "model": "pyconkr.programdate", "fields": {"day": "2014-08-30"}}, {"pk": 1, "model": "pyconkr.programtime", "fields": {"begin": "09:00:00", "end": "10:00:00", "name": "\ub4f1\ub85d\uc2dc\uc791"}}, {"pk": 2, "model": "pyconkr.programtime", "fields": {"begin": "10:00:00", "end": "10:15:00", "name": "\uac1c\ud68c\uc0ac"}}, {"pk": 3, "model": "pyconkr.programtime", "fields": {"begin": "10:15:00", "end": "11:00:00", "name": "\uc138\uc158 1"}}, {"pk": 4, "model": "pyconkr.programtime", "fields": {"begin": "11:00:00", "end": "11:45:00", "name": "\uc138\uc158 2"}}, {"pk": 5, "model": "pyconkr.programtime", "fields": {"begin": "11:45:00", "end": "12:30:00", "name": "\uc138\uc158 3"}}, {"pk": 6, "model": "pyconkr.programtime", "fields": {"begin": "12:30:00", "end": "13:45:00", "name": "\uc810\uc2ec\uc2dd\uc0ac"}}, {"pk": 7, "model": "pyconkr.programtime", "fields": {"begin": "13:45:00", "end": "14:30:00", "name": "\uc138\uc158 4"}}, {"pk": 8, "model": "pyconkr.programtime", "fields": {"begin": "14:30:00", "end": "15:15:00", "name": "\uc138\uc158 5"}}, {"pk": 9, "model": "pyconkr.programtime", "fields": {"begin": "15:15:00", "end": "16:00:00", "name": "\uc138\uc158 6"}}, {"pk": 10, "model": "pyconkr.programtime", "fields": {"begin": "16:00:00", "end": "17:30:00", "name": "\ub77c\uc774\ud2b8\ub2dd \ud1a0\ud06c"}}, {"pk": 11, "model": "pyconkr.programtime", "fields": {"begin": "17:30:00", "end": "17:50:00", "name": "\ud3d0\ud68c\uc0ac"}}, {"pk": 12, "model": "pyconkr.programtime", "fields": {"begin": "17:50:00", "end": "19:00:00", "name": "BOF"}}, {"pk": 1, "model": "pyconkr.programcategory", "fields": {"name": "\ud30c\uc774\uc36c \uc77c\ubc18", "slug": "general"}}, {"pk": 2, "model": "pyconkr.programcategory", "fields": {"name": "\ub370\uc774\ud130 / \ubc14\uc774\uc624 \ud30c\uc774\uc36c", "slug": "data-bio"}}, {"pk": 3, "model": "pyconkr.programcategory", "fields": {"name": "\ud30c\uc774\uc36c \uc751\uc6a9", "slug": "application"}}, {"pk": 4, "model": "pyconkr.programcategory", "fields": {"name": "\ub77c\uc774\ud2b8\ub2dd \ud1a0\ud06c", "slug": "lightning-talk"}}, {"pk": 1, "model": "pyconkr.sponsorlevel", "fields": {"order": 1, "desc": "<p><ul><li><span style=\"line-height: 1.42857143;\">\ud589\uc0ac\uc9c4\ud589\uc2dc\uc5d0 \ub124\uc784\ud0dc\uadf8\uc5d0 \ud68c\uc0ac\uba85\uce6d \ub2e8\ub3c5 \ud45c\uae30 ( sponsored by )</span><br></li><li><span style=\"line-height: 1.42857143;\">\ud6c4\uc6d0\uc0ac \uace0\uc720\ub85c\uace0\uac00 \uc788\ub294 \ub2e8\ub3c5 \uae30\ub150\ud488 \uc81c\uc791 ( \ucef5 )</span><br></li><li><span style=\"line-height: 1.42857143;\">\ud589\uc0ac\uc7a5 \uba54\uc778 \ucee8\ud37c\ub7f0\uc2a4 \ub178\ucd9c ( \ubc1c\ud45c \uc2ac\ub77c\uc774\ub4dc\uac00 \uc5c6\uc744\uc2dc\uc5d0 \ud6c4\uc6d0\uc0ac \ub85c\uace0 \ubc0f \uae30\ud0c0 \uad11\uace0 \ub178\ucd9c, \ud06c\uae30 \uc0c1\uc774 )</span><br></li><li><span style=\"line-height: 1.42857143;\">\ud589\uc0ac\uc7a5 \uba54\uc778 \ud604\uc218\ub9c9 \ub178\ucd9c ( \uc0ac\uc774\uc988 \uc0c1\uc774 )</span><br></li><li><span style=\"line-height: 1.42857143;\">\ud6c4\uc6d0\uc0ac \ub85c\uace0 \uac00\ubc29\uc5d0 \ubd80\ucc29</span><br></li><li><span style=\"line-height: 1.42857143;\">PyCon \ud504\ub85c\uadf8\ub7a8 \uac00\uc774\ub4dc\ubd81\uc5d0 \ud68c\uc0ac \uc124\uba85 \uad11\uace0 \ubd80\ucc29 ( \uc804\uba74 \ud55c\ub9e4, \uce7c\ub77c)</span><br></li><li><span style=\"line-height: 1.42857143;\">PyCon.KR \uc5d0 \ubc30\ub108 \ub4f1\ub85d</span><br></li><li><span style=\"line-height: 1.42857143;\">\uc785\uc7a5\uad8c 20\ub9e4</span><br></li><li><span style=\"line-height: 1.42857143;\">\ubd80\uc2a4 \uc81c\uacf5 ( \ucc45\uc0c1\ub9cc \uc81c\uacf5 )</span><br></li></ul></p>", "name": "\ub2e4\uc774\uc544\ubaac\ub4dc", "slug": "diamond"}}, {"pk": 2, "model": "pyconkr.sponsorlevel", "fields": {"order": 2, "desc": "<p><ul><li><span style=\"line-height: 1.42857143;\">\ud589\uc0ac\uc7a5 \uba54\uc778 \ucee8\ud37c\ub7f0\uc2a4 \ub178\ucd9c ( \ubc1c\ud45c \uc2ac\ub77c\uc774\ub4dc\uac00 \uc5c6\uc744\uc2dc\uc5d0 \ud6c4\uc6d0\uc0ac \ub85c\uace0 \ubc0f \uae30\ud0c0 \uad11\uace0 \ub178\ucd9c, \ud06c\uae30 \uc0c1\uc774 )</span><br></li><li><span style=\"line-height: 1.42857143;\">\ud589\uc0ac\uc7a5 \uba54\uc778 \ud604\uc218\ub9c9 \ub178\ucd9c ( \uc0ac\uc774\uc988 \uc0c1\uc774 )</span><br></li><li><span style=\"line-height: 1.42857143;\">\ud6c4\uc6d0\uc0ac \ub85c\uace0 \uac00\ubc29\uc5d0 \ubd80\ucc29</span><br></li><li><span style=\"line-height: 1.42857143;\">PyCon \ud504\ub85c\uadf8\ub7a8 \uac00\uc774\ub4dc\ubd81\uc5d0 \ud68c\uc0ac \uc124\uba85 \uad11\uace0 \ubd80\ucc29 ( \ubc18\ucabd )</span><br></li><li><span style=\"line-height: 1.42857143;\">PyCon.KR \uc5d0 \ubc30\ub108 \ub4f1\ub85d</span><br></li><li><span style=\"line-height: 1.42857143;\">\uc785\uc7a5\uad8c 10\ub9e4</span><br></li><li><span style=\"line-height: 1.42857143;\">\ubd80\uc2a4 \uc81c\uacf5 ( \ucc45\uc0c1\ub9cc \uc81c\uacf5 )</span><br></li></ul></p>", "name": "\ud50c\ub798\ud2f0\ub118", "slug": "platinum"}}, {"pk": 3, "model": "pyconkr.sponsorlevel", "fields": {"order": 3, "desc": "<p><ul><li><span style=\"line-height: 1.42857143;\">\ud589\uc0ac\uc7a5 \uba54\uc778 \ud604\uc218\ub9c9 \ub178\ucd9c ( \uc0ac\uc774\uc988 \uc0c1\uc774 )</span><br></li><li><span style=\"line-height: 1.42857143;\">\ud6c4\uc6d0\uc0ac \ub85c\uace0 \uac00\ubc29\uc5d0 \ubd80\ucc29</span><br></li><li><span style=\"line-height: 1.42857143;\">PyCon \ud504\ub85c\uadf8\ub7a8 \uac00\uc774\ub4dc\ubd81\uc5d0 \ud68c\uc0ac \uc124\uba85 \uad11\uace0 \ubd80\ucc29 ( 1/4 )</span><br></li><li><span style=\"line-height: 1.42857143;\">PyCon.KR \uc5d0 \ubc30\ub108 \ub4f1\ub85d</span><br></li><li><span style=\"line-height: 1.42857143;\">\uc785\uc7a5\uad8c 5\ub9e4</span><br></li><li><span style=\"line-height: 1.42857143;\">JobFair \ubd80\uc2a4 \uc81c\uacf5 ( \ucc45\uc0c1\ub9cc \uc81c\uacf5, \uc778\ub825\uc9c0\uc6d0 \uc5c6\uc74c )</span><br></li></ul></p>", "name": "\uace8\ub4dc", "slug": "gold"}}, {"pk": 4, "model": "pyconkr.sponsorlevel", "fields": {"order": 4, "desc": "<p><ul><li><span style=\"line-height: 1.42857143;\">\ud589\uc0ac\uc7a5 \uba54\uc778 \ud604\uc218\ub9c9 \ub178\ucd9c ( \uc0ac\uc774\uc988 \uc0c1\uc774 )</span><br></li><li><span style=\"line-height: 1.42857143;\">PyCon \ud504\ub85c\uadf8\ub7a8 \uac00\uc774\ub4dc\ubd81\uc5d0 \ud68c\uc0ac \uc124\uba85 \uad11\uace0 \ubd80\ucc29 ( 1/8 )</span><br></li><li><span style=\"line-height: 1.42857143;\">PyCon.KR \uc5d0 \uc6b0\uce21 \ubc30\ub108 \ub4f1\ub85d ( \uc0ac\uc774\uc988 \uc0c1\uc774 )</span><br></li><li><span style=\"line-height: 1.42857143;\">\uc785\uc7a5\uad8c 3\ub9e4</span><br></li></ul></p>", "name": "\uc2e4\ubc84", "slug": "silver"}}, {"pk": 5, "model": "pyconkr.sponsorlevel", "fields": {"order": 5, "desc": "<p><ul><li><span style=\"line-height: 1.42857143;\">PyCon \ud504\ub85c\uadf8\ub7a8 \uac00\uc774\ub4dc\ubd81\uc5d0 \ub4f1\uc7ac ( \uc774\ub984, \ub9c1\ud06c \ub4f1 )</span><br></li><li><span style=\"line-height: 1.42857143;\">PyCon.KR \uc758 \uc804\uc6a9 \ud398\uc774\uc9c0\uc5d0 \ud14d\uc2a4\ud2b8 \ub4f1\ub85d</span><br></li><li><span style=\"line-height: 1.42857143;\">\uc785\uc7a5\uad8c 2\ub9e4</span><br></li></ul></p>", "name": "\uac1c\uc778 \ubc0f \uc2a4\ud0c0\ud2b8\uc5c5", "slug": "startup"}}, {"pk": 6, "model": "pyconkr.sponsorlevel", "fields": {"order": 6, "desc": "<p>\ubbf8\ub514\uc5b4 \ud6c4\uc6d0\uc0ac</p>", "name": "\ucd9c\ud310 \ubc0f \ubbf8\ub514\uc5b4", "slug": "media"}}, {"pk": 1, "model": "pyconkr.sponsor", "fields": {"name": "\uad6c\uae00", "level": 2, "url": "http://google.com", "image": "sponsor/sponsor-google.png", "slug": "google", "desc": ""}}, {"pk": 2, "model": "pyconkr.sponsor", "fields": {"name": "\uc2a4\ub9c8\ud2b8\uc2a4\ud130\ub514", "level": 4, "url": "http://smartstudy.co.kr", "image": "sponsor/sponsor-smartstudy.png", "slug": "smartstudy", "desc": ""}}, {"pk": 3, "model": "pyconkr.sponsor", "fields": {"name": "\uc694\uae30\uc694", "level": 4, "url": "http://yogiyo.com", "image": "sponsor/sponsor-yogiyo.png", "slug": "yogiyo", "desc": ""}}, {"pk": 4, "model": "pyconkr.sponsor", "fields": {"name": "NAVER D2", "level": 3, "url": "http://d2.naver.com", "image": "sponsor/sponsor-naverd2.png", "slug": "naverd2", "desc": "<h1>\ub124\uc774\ubc84 D2 \uac1c\ubc1c\uc790 \uc9c0\uc6d0 \ud504\ub85c\uadf8\ub7a8</h1>"}}, {"pk": 5, "model": "pyconkr.sponsor", "fields": {"name": "NIPA", "level": 2, "url": "http://nipa.kr", "image": "sponsor/sponsor-nipa.png", "slug": "nipa", "desc": "<h1>NIPA \uc815\ubcf4\ud1b5\uc2e0\uc0b0\uc5c5\uc9c4\ud765\uc6d0</h1>"}}, {"pk": 6, "model": "pyconkr.sponsor", "fields": {"name": "\uc778\uc2e4\ub9ac\ucf54\uc820", "level": 4, "url": "http://www.insilicogen.com/", "image": "sponsor/sponsor-insilicogen.png", "slug": "insilicogen", "desc": ""}}, {"pk": 7, "model": "pyconkr.sponsor", "fields": {"name": "Github", "level": 3, "url": "https://github.com/", "image": "sponsor/sponsor-github.png", "slug": "github", "desc": "<p>GitHub is the best place to share code with friends, co-workers, classmates, and complete strangers. Over six million people use GitHub to build amazing things together.</p>"}}, {"pk": 8, "model": "pyconkr.sponsor", "fields": {"name": "\ud55c\ube5b\ubbf8\ub514\uc5b4", "level": 6, "url": "http://www.hanbit.co.kr/", "image": "sponsor/sponsor-hanbit.png", "slug": "hanbit", "desc": ""}}, {"pk": 9, "model": "pyconkr.sponsor", "fields": {"name": "\ub3c4\uc11c\ucd9c\ud310 \uc778\uc0ac\uc774\ud2b8", "level": 6, "url": "http://insightbook.co.kr", "image": "sponsor/sponsor-insight.png", "slug": "insight", "desc": ""}}, {"pk": 10, "model": "pyconkr.sponsor", "fields": {"name": "Open Technet", "level": 2, "url": "http://www.oss.kr", "image": "sponsor/sponsor-opentechnet.png", "slug": "opentechnet", "desc": "<p><span style=\"color: rgb(34, 34, 34); font-family: arial, sans-serif; line-height: normal;\">\uacf5\uac1cSW \ud3ec\ud138 \uc624\ud508 \ud14c\ud06c\ub137&nbsp;</span><br></p>"}}, {"pk": 11, "model": "pyconkr.sponsor", "fields": {"name": "olc center", "level": 6, "url": "http://olc.oss.kr/", "image": "sponsor/sponsor-olc.png", "slug": "olc", "desc": ""}}, {"pk": 1, "model": "pyconkr.speaker", "fields": {"info": {"twitter": "https://twitter.com/seungjin", "google-plus": "https://plus.google.com/u/1/107455610014187457900", "linkedin": "http://linkedin.com/in/seungjin"}, "name": "\uae40\uc2b9\uc9c4", "image": "speaker/seungjin.jpg", "slug": "seungjin", "email": "seungjin@seungjin.net", "desc": "<ul><li><span style=\"line-height: 1.42857143;\">Cloud Architect at Thing Daemon (<a href=\"http://fancy.com\" target=\"_blank\">fancy.com</a>)</span><br></li><li><span style=\"line-height: 1.42857143;\">Integrator, Infrastructure Services at iPlant Collaborative, BIO5 Institute</span><br></li><li><span style=\"line-height: 1.42857143;\">Senior Application Analyst at Arizona Research Laboratories</span></li><li><a href=\"http://www.fancy.com/seungjinkim\" target=\"_blank\" style=\"line-height: 1.42857143; background-color: rgb(255, 255, 255);\">www.fancy.com/seungjinkim</a></li></ul>"}}, {"pk": 2, "model": "pyconkr.speaker", "fields": {"info": {"github": "https://github.com/jongman", "homepage": "http://theyearlyprophet.com/", "linkedin": "http://linkedin.com/in/jongman"}, "name": "\uad6c\uc885\ub9cc", "image": "speaker/jongman.jpg", "slug": "jongman", "email": "jongman@gmail.com", "desc": "\ud30c\uc774\uc36c\uc744 \ubcf8\uaca9\uc801\uc73c\ub85c \uc0ac\uc6a9\ud55c \uc9c0\ub294 6\ub144 \uc815\ub3c4 \ub418\uc5c8\uc2b5\ub2c8\ub2e4.<br>HFT \ud68c\uc0ac\uc5d0\uc11c \ud000\ud2b8 \uac1c\ubc1c\uc790\ub85c \uc77c\ud558\uace0 \uc788\uc2b5\ub2c8\ub2e4.<div><br></div><div><a href=\"http://algospot.com/\" target=\"_blank\">http://algospot.com/</a>\uc744 \uc6b4\uc601\ud558\uace0 \uc788\uc73c\uba70, <a href=\"http://book.algospot.com/\" target=\"_blank\">http://book.algospot.com/</a>\uc744 \uc37c\uc2b5\ub2c8\ub2e4.</div>"}}, {"pk": 3, "model": "pyconkr.speaker", "fields": {"info": {"facebook": "https://facebook.com/charleskim75", "linkedin": "https://www.linkedin.com/profile/view?id=104717657&authType=OUT_OF_NETWORK&authToken=PIFD&locale=en_US&trk=tyah2&trkInfo=tarId%3A1403835818797%2Ctas%3Acharles%2Cidx%3A1-1-1"}, "name": "\uae40\ucc3d\ubbfc", "image": "speaker/charleskim.jpg", "slug": "charleskim", "email": "hjeong@arista.com", "desc": "<div style=\"color: rgb(34, 34, 34); font-family: arial, sans-serif; line-height: normal;\"><div class=\"im\" style=\"color: rgb(80, 0, 80);\"><div style=\"font-size: 13.333333969116211px;\">\ud604\uc7ac \uc544\ub9ac\uc2a4\ud0c0 \ub124\ud2b8\uc6cd\uc2a4 \ud55c\uad6d\uc9c0\uc0ac\uc758 \uc2dc\uc2a4\ud15c \uc5d4\uc9c0\ub2c8\uc5b4\ub85c \uc77c\ud558\uace0 \uc788\uc73c\uba70 \uad6d\ub0b4 \ud1b5\uc2e0 \uc0ac\uc5c5\uc790\ub4e4\uacfc Web 2.0 \uc0ac\uc5c5\uc790\ub4e4\uc744 \ud3ec\ud568\ud558\uc5ec \ub300\uaddc\ubaa8 \uc5d4\ud130\ud504\ub77c\uc774\uc988 \uc0ac\uc5c5\uc790\ub4e4\uc5d0 \ub300\ud574 \ud074\ub77c\uc6b0\ub4dc \ucef4\ud4e8\ud305 \ubc0f \ube45 \ub370\uc774\ud130 \ud558\ub461\uacfc \uad00\ub828\ub41c \ub124\ud2b8\uc6cd \ubd84\uc57c\uc758 \uae30\uc220 \ucee8\uc124\ud305 \ubc0f \uae30\uc220 \uc9c0\uc6d0 \uc5c5\ubb34\ub97c \ud558\uace0 \uc788\uc2b5\ub2c8\ub2e4.</div><div style=\"font-size: 13.333333969116211px;\">KrDAG(Korea Datacenter Architect Group), OpenFlow Korea \uadf8\ub9ac\uace0 OpenStack Korea Group \ub4f1\uc5d0\uc11c \ucee4\ubba4\ub2c8\ud2f0 \ud65c\ub3d9\uc744 \ud558\uace0 \uc788\uc73c\uba70 \ub2e4\uc591\ud55c \uc624\ud508 \uc18c\uc2a4 \uae30\ubc18 \uc18c\ud504\ud2b8\uc6e8\uc5b4\ub4e4\uacfc SDN(Software Defined Networking)\uc5d0 \uad00\ub828\ub41c \uae30\ubc18 \uae30\uc220\ub4e4\uc5d0 \ub300\ud574 \uad00\uc2ec\uc774 \ub9ce\uc2b5\ub2c8\ub2e4.</div><div><br></div></div></div>"}}, {"pk": 4, "model": "pyconkr.speaker", "fields": {"info": {"blog": "http://hansangkon.tistory.com", "homepage": "http://sigmadream.wordpress.com"}, "name": "\ud55c\uc0c1\uace4", "image": "", "slug": "sigmadream", "email": "sigmadream@gmail.com", "desc": "<div>\ubd80\uc0b0\uc5d0\uc11c \uc6f9\uae30\ubc18\uc758 \ub370\uc774\ud130\uae30\ubc18 \uad00\ub9ac \uc11c\ube44\uc2a4\ub97c \uc81c\uacf5\ud558\ub294 \uc791\uc740 \uc2a4\ud0c0\ud2b8\uc5c5\uc778 '\ub2c9\uc2a4\uace4(Nixgon)'\uc5d0\uc11c \uac1c\ubc1c\uc790\ub85c \uc77c\ud558\uace0 \uc788\uc2b5\ub2c8\ub2e4. &nbsp;<span style=\"line-height: 24px;\">\uad6c\uae00(Google)\uc5d0\uc11c \uc9c0\uc6d0\ud558\ub294 \uad6c\uae00 \ub514\ubca8\ub85c\ud37c \uadf8\ub8f9 \ubd80\uc0b0(GDG Busan)\uc758 \uc2a4\ud0c0\ud2b8 \uba64\ubc84\ub85c \ucee4\ubba4\ub2c8\ud2f0 \ud65c\ub3d9\ud558\uace0 \uc788\uc73c\uba70, \uc6b0\ubd84\ud22c \ucf54\ub9ac\uc544(Ubunto Ko)\uc5d0\uc11c \ube44\uc815\uae30 \ub9e4\uac70\uc9c4 '\uace0\uad70\ubd84\ud22c' \ub9e4\uac70\uc9c4\uc758 \ud3b8\uc9d1\uc7a5\uc744 \uc5ed\uc784\ud558\uace0 \uc788\ub294 \uc18c\uc18c\ud55c \uac1c\ubc1c\uc790 \uc785\ub2c8\ub2e4.&nbsp;</span></div>"}}, {"pk": 5, "model": "pyconkr.speaker", "fields": {"info": {"blog": "http://kkung.net/", "twitter": "https://twitter.com/kkung", "github": "https://github.com/kkung", "linkedin": "https://www.linkedin.com/profile/view?id=81560839"}, "name": "\uc815\ubbfc\uc601", "image": "speaker/kkung.jpg", "slug": "kkung", "email": "kkung@beatpacking.com", "desc": "\ud604\uc7ac `the beatpacking comapny` \uc5d0\uc11c s/w \uac1c\ubc1c\uc790\ub85c \uc77c\ud558\uba70, `BEAT` \ub97c \ub9cc\ub4e4\uace0 \uc788\uc2b5\ub2c8\ub2e4."}}, {"pk": 6, "model": "pyconkr.speaker", "fields": {"info": {"blog": "https://medium.com/@devunt", "tumblr": "http://t.devunt.kr/", "twitter": "https://twitter.com/devunt", "github": "https://github.com/devunt"}, "name": "\ubc30\uc900\ud604", "image": "speaker/devunt.jpg", "slug": "devunt", "email": "devunt@gmail.com", "desc": "<div><span style=\"line-height: 24px;\">\"\uae30\uc220\uc740 \uc4f0\ub77c\uace0 \uc788\ub294\uac70\uc9c0\" \ub77c\ub294 \uc0dd\uac01\uc73c\ub85c \uc5ec\ub7ec \uae30\uc220\uc744 \ud0d0\uad6c\ud558\uace0 \uc788\uc2b5\ub2c8\ub2e4.</span><span style=\"line-height: 24px;\"><br></span></div><div><span style=\"line-height: 24px;\"><br></span></div><div><span style=\"line-height: 24px;\">\uc218\ub2a5\uc774 \uc57d 3\ub2ec\ucbe4 \ub0a8\uc740 \uace03\uc785\ub2c8\ub2e4. \ud55c\uad6d\ub514\uc9c0\ud138\ubbf8\ub514\uc5b4\uace0\ub4f1\ud559\uad50\uc5d0 \uc7ac\ud559\uc911\uc774\uba70, \ud30c\uc774\uc36c\uc744 \uc0ac\uc6a9\ud55c\uc9c0\ub294 \uc774\uc81c 3\ub144 \uac00\ub7c9 \ub418\uc5c8\uc2b5\ub2c8\ub2e4.</span><br></div><div><span style=\"line-height: 24px;\"><br></span></div><div><div>MediaWiki, WINE, Flask-RESTful \ub4f1\uc758 \uc624\ud508\uc18c\uc2a4 \ud504\ub85c\uc81d\ud2b8\uc5d0 \ucc38\uc5ec\ud558\uace0 \uc788\uc2b5\ub2c8\ub2e4.</div><div>\uc624\ud508\uc18c\uc2a4 \ud30c\uc774\uc36c \ud504\ub85c\uc81d\ud2b8\ub85c ImgTL, warp \ub4f1\uc744 \ub9cc\ub4e4\uc5c8\uc2b5\ub2c8\ub2e4.</div></div><div><br></div><div>\ud30c\uc774\uc36c \uc138\ubbf8\ub098\uc5d0\uc11c php\uc5d0\uc11c python\uc73c\ub85c \uac08\uc544\ud0c0\uae30 \ub4f1\uc744 \ubc1c\ud45c\ud588\ub358 \uc801\uc774 \uc788\uc2b5\ub2c8\ub2e4.</div>"}}, {"pk": 7, "model": "pyconkr.speaker", "fields": {"info": {}, "name": "\uc774\uc0c1\uace4", "image": "speaker/sgonv.jpg", "slug": "sgonv", "email": "sgonv@devsisters.com", "desc": "<ul><li><span style=\"line-height: 1.42857143;\">2009. 02 ~ \ud604\uc7ac : KAIST \uc804\uc0b0\ud559\uacfc \ud734\ud559 \uc911</span><br></li><li><span style=\"line-height: 1.42857143;\">2013. 07 ~ 2013. 08 : NAVER Business Platform Intern</span><br></li><li><span style=\"line-height: 1.42857143;\">2013. 09 ~ \ud604\uc7ac : Devsisters Corp. Server Team Software Engineer</span><br></li></ul>"}}, {"pk": 8, "model": "pyconkr.speaker", "fields": {"info": {}, "name": "Kajiyama Ryusuke", "image": "", "slug": "ryusuke_kajiyama", "email": "ryusuke.kajiyama@oracle.com", "desc": "Ryusuke Kajiyama is Open Source Specialist with 10+ years of experience of systems design using MySQL and open source solutions. He originally joined MySQL AB, and is currently managing MySQL Sales Consultant team of Asia Pacific region at Oracle.<div><br></div><div>Prior to join MySQL, he was Consultant at Nomura Research Institute, working on enterprise systems design with Oracle Database, WebLogic, Solaris, and various Open Source software including MySQL, JBoss and Linux. He is a Co-Founder of Japan JBoss Users Group</div>"}}, {"pk": 9, "model": "pyconkr.speaker", "fields": {"info": {"bitbucket": "https://bitbucket.org/dahlia", "github": "https://github.com/dahlia", "twitter": "https://twitter.com/hongminhee", "blog": "http://blog.dahlia.kr/", "facebook": "https://www.facebook.com/hongminhee", "homepage": "http://hongminhee.org/"}, "name": "\ud64d\ubbfc\ud76c", "image": "speaker/hongminhee.jpg", "slug": "hongminhee", "email": "hong.minhee@gmail.com", "desc": "\uc8fc\uc2dd\ud68c\uc0ac \uc2a4\ud3ec\uce74\uc5d0\uc11c \ud3ec\uc778\ud2b8 \uc801\ub9bd \uc11c\ube44\uc2a4\uc778 \ub3c4\ub3c4\ub97c \uac1c\ubc1c\ud558\uace0 \uc788\uc2b5\ub2c8\ub2e4.\ud30c\uc774\uc36c\uc744 \uc4f4\uc9c0\ub294 \ub9cc 9\ub144 \ub418\uc5c8\uc2b5\ub2c8\ub2e4.<br>\uc8fc\ub85c \ud30c\uc774\uc36c\uc73c\ub85c\ub294 \uc6f9 \uac1c\ubc1c, \uc11c\ubc84 \uac1c\ubc1c \ub4f1\uc744 \ud569\ub2c8\ub2e4.<div><br></div><div>\uc624\ud508 \uc18c\uc2a4 \ud30c\uc774\uc36c \ud504\ub85c\uc81d\ud2b8\ub85c Wand, Earth Reader, Geofront, libsass-python \ub4f1\uc744 \ub9cc\ub4e4\uc5c8\uc2b5\ub2c8\ub2e4.</div>"}}, {"pk": 10, "model": "pyconkr.speaker", "fields": {"info": {}, "name": "\uc11c\uc9c0\uc6d0", "image": "", "slug": "seojiwon", "email": "seojiwon@gmail.com", "desc": "\uc800\ub294 \ud604\uc7ac \uc2a4\ud0e0\ud3ec\ub4dc \ub300\ud559\uc5d0 \ubc15\uc0ac\uacfc\uc815 \ud559\uc0dd\uc73c\ub85c \uc788\uc2b5\ub2c8\ub2e4. \ud30c\uc774\uc36c \uad00\ub828\ud55c contribution\uc73c\ub85c\ub294 Generator Expressions (PEP 289) \uc640 Keyword-Only Arguments (PEP 3102) \ub97c \uad6c\ud604\ud558\uc600\uc2b5\ub2c8\ub2e4. \ub610\ud55c 2011 APAC PyCon \uc5d0\uc11c reviewer \ub85c \ud65c\ub3d9\ud588\uace0, 2014 APAC PyCon \uc5d0\uc11c Poster Session Chair\ub85c PyCon\uc6b4\uc601\uc744 \ub3c4\uc654\uc2b5\ub2c8\ub2e4.<div><br></div><div>Korea PyCon\uc5d0\uc11c \ubc1c\ud45c\ud560 \ub0b4\uc6a9\uc778 SociaLite\uc740 2014 PyCon \ubc0f APAC PyCon\uc5d0\uc11c \ubc1c\ud45c\ud558\uc600\uace0,  2014 Hadoop Summit\uc5d0\uc11c\ub3c4 \ub3d9\uc77c\ud55c \ub0b4\uc6a9\uc744 \ubc1c\ud45c\ud558\uc600\uc2b5\ub2c8\ub2e4.\r\nSociaLite\uc5d0 \uad00\ud55c \ub0b4\uc6a9\uc740 \ub2e4\uc74c \ud648\ud398\uc774\uc9c0\uc5d0\uc11c \ucc3e\uc544\ubcfc \uc218 \uc788\uc2b5\ub2c8\ub2e4: <a href=\"http://socialite.stanford.edu\" target=\"_blank\">http://socialite.stanford.edu</a></div><div><br></div><div>GitHub repository\ub294 <a href=\"https://github.com/socialite-lang/socialite\" target=\"_blank\">https://github.com/socialite-lang/socialite</a> \uc5ec\uae30\uc5d0\uc11c \ubcf4\uc2e4 \uc218 \uc788\uc2b5\ub2c8\ub2e4. </div>"}}, {"pk": 11, "model": "pyconkr.speaker", "fields": {"info": {"blog": "http://blog.naver.com/haje01", "twitter": "https://twitter.com/haje01", "github": "https://github.com/haje01"}, "name": "\uae40\uc815\uc8fc", "image": "speaker/haje01.png", "slug": "haje01", "email": "haje01@gmail.com", "desc": "<h4>&nbsp;\uc9c1\uc7a5</h4><p></p><ul><li><span style=\"line-height: 24px;\">Webzen (TD, \ud604\uc7ac)</span><br></li><li><span style=\"line-height: 24px;\">NPluto</span><br></li><li><span style=\"line-height: 24px;\">NHN Games</span><br></li><li><span style=\"line-height: 24px;\">NHN</span><br></li></ul><p></p><p><br></p><h4>\uad00\uc2ec\uc0ac</h4><p>Python, \uc6f9, \ub370\uc774\ud130 \ubd84\uc11d, \uc624\ud508\uc18c\uc2a4, AWS, XML, \uac8c\uc784</p>"}}, {"pk": 12, "model": "pyconkr.speaker", "fields": {"info": {}, "name": "\uae40\uacbd\ud6c8", "image": "speaker/kyunghoon.jpg", "slug": "kyunghoon", "email": "kyunghoon@unist.ac.kr", "desc": "UNIST(\uc6b8\uc0b0\uacfc\ud559\uae30\uc220\ub300\ud559\uad50) \uc790\uc5f0\uacfc\ud559\ubd80 \uc218\ub9ac\uacfc\ud559\uacfc\uc5d0 \ub300\ud559\uc6d0\uc0dd\uc73c\ub85c \uc7ac\ud559 \uc911\uc785\ub2c8\ub2e4.<div><br></div><div>\uc18c\uc15c \ub124\ud2b8\uc6cc\ud06c \ubd84\uc11d(SNA) \ub4f1 \uc5ec\ub7ec \uac00\uc9c0 \ub124\ud2b8\uc6cc\ud06c \uc5f0\uad6c\ub4e4\uc774 \uc778\uae30\ub97c \ub04c\uace0 \uc788\ub294\ub370 \uc5ec\ub7ec\ubd84\uc740 \uc5b4\ub5a0\uc138\uc694?</div><div>\ubcf8 \ubc1c\ud45c\uc5d0\uc11c \ud2b9\ubcc4\ud55c \ud504\ub85c\uadf8\ub7a8 \uc5c6\uc774 \ud30c\uc774\uc36c\uc73c\ub85c \ub124\ud2b8\uc6cc\ud06c \ubd84\uc11d\uc744 \uac04\ub2e8\ud788 \ucf54\ub529\ud560 \uc218 \uc788\ub294,&nbsp;<span style=\"line-height: 24px;\">\ud30c\uc774\uc36c\uc758 \ub9e4\ub825\uc744 \ubcf4\uc5ec\ub4dc\ub9ac\uace0\uc790 \ud569\ub2c8\ub2e4.</span></div><div><br></div><div><ul><li><a href=\"http://www.slideshare.net/koorukuroo/network-analysis-with-networkx-fundamentals-of-network-theory1\" target=\"_blank\" style=\"line-height: 1.42857143; background-color: rgb(255, 255, 255);\">http://www.slideshare.net/koorukuroo/network-analysis-with-networkx-fundamentals-of-network-theory1</a><br></li><li><a href=\"http://www.slideshare.net/koorukuroo/network2-35160056\" target=\"_blank\" style=\"line-height: 1.42857143; background-color: rgb(255, 255, 255);\">http://www.slideshare.net/koorukuroo/network2-35160056</a></li></ul></div>"}}, {"pk": 13, "model": "pyconkr.speaker", "fields": {"info": {"linkedin": "https://linkedin.com/in/plusjune"}, "name": "\uc774\uc2b9\uc900", "image": "speaker/plusjune.jpg", "slug": "plusjune", "email": "plusjune@gmail.com", "desc": "\ud604, KB\ud22c\uc790\uc99d\uad8c IT\uc13c\ud130\uc5d0 \uadfc\ubb34\ud558\uace0 \uc788\uc2b5\ub2c8\ub2e4.<br>\ud30c\uc774\uc36c\uc744 \uc774\uc6a9\ud55c \uae08\uc735 \ub370\uc774\ud130 \ubd84\uc11d\uacfc \uc790\ub3d9\ud654\uc5d0 \uad00\uc2ec\uc744 \uac00\uc9c0\uace0 \uc788\uc2b5\ub2c8\ub2e4."}}, {"pk": 14, "model": "pyconkr.speaker", "fields": {"info": {"blog": "http://e.biohackers.net", "twitter": "https://twitter.com/yong27", "linkedin": "https://www.linkedin.com/in/yong27"}, "name": "\uae40\ud615\uc6a9", "image": "speaker/yong27.jpg", "slug": "yong27", "email": "yong27@gmail.com", "desc": "(\uc8fc)\uc778\uc2e4\ub9ac\ucf54\uc820\uc5d0\uc11c \uc0dd\ubb3c\uc815\ubcf4\ubd84\uc11d \ubc0f \uac1c\ubc1c\uc5c5\ubb34\ub97c \ud558\uace0 \uc788\uc2b5\ub2c8\ub2e4."}}, {"pk": 15, "model": "pyconkr.speaker", "fields": {"info": {"twitter": "https://twitter.com/cornchz", "homepage": "http://cheol.net/", "linkedin": "http://kr.linkedin.com/in/kcheol"}, "name": "\uac15\ucca0", "image": "speaker/kang.jpeg", "slug": "kang", "email": "kang@cheol.net", "desc": "\uac15\ucca0\uc740 \uae30\uc220\uc774 \uc0ac\ud68c\uc5d0 \uae30\uc5ec\ud560 \uc218 \uc788\ub2e4\uace0 \ubbff\ub294 \uc18c\ud504\ud2b8\uc6e8\uc5b4 \uc5d4\uc9c0\ub2c8\uc5b4\uc785\ub2c8\ub2e4.<br>KAIST \uc804\uc0b0\ud559\uacfc\uc5d0\uc11c \uacf5\ubd80\ud588\uc73c\uba70 \ud300\ud3ec\ud401\uc5d0\uc11c \ub300\ud55c\ubbfc\uad6d \uc5ed\ub300 \ubaa8\ub4e0 \uad6d\ud68c\uc758\uc6d0 \ubc0f \uc758\uc548 \uc815\ubcf4\ub97c \uc81c\uacf5\ud558\ub294 \"\ub300\ud55c\ubbfc\uad6d \uc815\uce58\uc758 \ubaa8\ub4e0 \uac83\"\uc744 \ub9cc\ub4e4\uace0 \uc788\uc2b5\ub2c8\ub2e4.\r\n\r\n'\ub0b4\uac00 \uac00\uc7a5 \uc798\ud560 \uc218 \uc788\ub294 \ubc29\ubc95\uc73c\ub85c \uc0ac\ud68c\uc5d0 \uae30\uc5ec\ud558\uace0 \uc2f6\ub2e4'\ub294 \uc0dd\uac01\uc73c\ub85c 2010\ub144\uc5d0 \ud300\ud3ec\ud401\uc744 \uc2dc\uc791\ud574 \ucd5c\uace0\uc758 \uba64\ubc84\ub4e4\uacfc \ud568\uaed8 \uc0ac\ud68c\uc801 \uac00\uce58\ub97c \ub9cc\ub4e4\uc5b4\ub098\uac00\uace0 \uc788\uc2b5\ub2c8\ub2e4.&nbsp;<div><br></div><div>\ub125\uc2a4\uc54c, \uad6c\uae00, \uc0ac\uc774\ub78c \ub4f1\uc5d0\uc11c \uc778\ud134 \ub610\ub294 \uc5d4\uc9c0\ub2c8\uc5b4\ub85c \uc77c\ud588\uc73c\uba70, \ub300\uc804\uc2dc \uad50\uc721\uc815\ubcf4\uc6d0, KAIST \uc601\uc7ac\uad50\uc721\uc6d0, \ud55c\uad6d\uac8c\uc784\uacfc\ud559\uace0\uc5d0\uc11c \ud559\uc0dd\ub4e4\uc744 \uac00\ub974\uce5c \ubc14 \uc788\uace0, \ud55c\uad6d\uc815\ubcf4\uc62c\ub9bc\ud53c\uc544\ub4dc(KOI) \uae08\uc0c1\uc744 \uc218\uc0c1\ud55c \uacbd\ub825\uc774 \uc788\uc2b5\ub2c8\ub2e4. 2015\ub144\ubd80\ud130 Google\uc5d0\uc11c \uc77c\ud569\ub2c8\ub2e4.</div>"}}, {"pk": 16, "model": "pyconkr.speaker", "fields": {"info": {"twitter": "http://twitter.com/echojuliett", "github": "http://github.com/e9t", "homepage": "http://lucypark.kr"}, "name": "\ubc15\uc740\uc815", "image": "speaker/lucypark.jpg", "slug": "lucypark", "email": "me@lucypark.kr", "desc": "\ubc15\uc740\uc815\uc740 \uc11c\uc6b8\ub300\ud559\uad50\uc5d0\uc11c \ub370\uc774\ud130\ub9c8\uc774\ub2dd\uc744 \uc804\uacf5\ud558\uace0 \uc788\uc73c\uba70, \ub9c8\ucf00\ud305, \ubc18\ub3c4\uccb4, \uc601\ud654 \ub4f1\uc758 \uc601\uc5ed\uc5d0\uc11c \ub370\uc774\ud130 \ubd84\uc11d \ud504\ub85c\uc81d\ud2b8\ub97c \uc9c4\ud589\ud588\ub2e4.<div>\uae30\uc220\uc744 \uc774\uc6a9\ud574 \uc9c0\uc2dd\uc758 \uc7a5\ubcbd\uc744 \ub0ae\ucd94\ub294 \uac83\uc5d0 \uad00\uc2ec\uc774 \uc788\uc5b4, \uc5ec\uac00 \uc2dc\uac04\uc5d0\ub294 \ud300\ud3ec\ud401\uc5d0\uc11c \"\ub300\ud55c\ubbfc\uad6d \uc815\uce58\uc758 \ubaa8\ub4e0 \uac83(<a href=\"http://pokr.kr\" target=\"_blank\">http://pokr.kr</a>)\"\uc744 \ub9cc\ub4e4\uba70 \uc785\ubc95 \uc815\ubcf4\uc758 \ud655\uc0b0\uc5d0 \ub178\ub825\uc744 \uae30\uc6b8\uc774\uace0 \uc788\ub2e4.</div>"}}, {"pk": 17, "model": "pyconkr.speaker", "fields": {"info": {}, "name": "\uae40\ud0dc\uc6c5", "image": "speaker/oraora82.jpg", "slug": "kdog", "email": "oraora82@gmail.com", "desc": "\ud30c\uc774\uc36c\uc744 2003\ub144\uacbd \ubd80\ud130 \uc2e4\ubb34\uc5d0 \uc4f0\uae30 \uc2dc\uc791\ud588\uace0, \uc544\uc9c1 \uc5f4\uc2ec\ud788 \uacf5\ubd80\uc911\uc778 \uac1c\ubc1c\uc790<div><ul><li><span style=\"line-height: 1.42857143;\">KT/SK Broadband/Tbroad \ub4f1 ISP \ucabd \ucee8\uc124\ud305/\uac1c\ubc1c\uc744 \uc218\ud589</span><br></li><li><span style=\"line-height: 1.42857143;\">\ubcf8\uc9c4 \ud30c\uc774\ucf58(pycon 2009 chicago) \ucc38\uc5ec</span><br></li><li><span style=\"line-height: 1.42857143;\">GDG google I/O extended \uc5d0\uc11c go \uc5b8\uc5b4 \uad00\ub828 \uc138\uc158 \ubc1c\ud45c</span><br></li><li><span style=\"line-height: 1.42857143;\">macbook, python, golang \uac15\uc81c \uc5d0\ubc18\uc824\ub9ac\uc2a4\ud2b8</span><br></li></ul></div>"}}, {"pk": 18, "model": "pyconkr.speaker", "fields": {"info": {}, "name": "\ubc15\uc900\ubc94", "image": "speaker/usingideal.jpg", "slug": "usingideal", "email": "usingideal@gmail.com", "desc": "\uacfc\ud559\uae30\uc220\uc5f0\ud569\ub300\ud559\uc6d0\ub300\ud559\uad50(UST)\uc5d0 \uc11d\uc0ac\uacfc\uc815\uc73c\ub85c \uc7ac\ud559\uc911\uc785\ub2c8\ub2e4.<br>python\uc744 \uc774\uc6a9\ud574 \uc5f0\uad6c\ud558\uace0 \uc788\uc2b5\ub2c8\ub2e4.\r\n\uc774\ubc88 2014\ube45\ub370\uc774\ud1a4 \ub300\ud68c\uc5d0\uc11c python\uc5b8\uc5b4\ub97c \uc774\uc6a9\ud574 \uac1c\ubc1c\uc5d0 \ucc38\uac00\ud558\uc600\uc73c\uba70 \ucd5c\uc6b0\uc218\uc0c1\uc744 \ubc1b\uc558\uc2b5\ub2c8\ub2e4."}}, {"pk": 19, "model": "pyconkr.speaker", "fields": {"info": {"blog": "http://blog.naver.com/irobii"}, "name": "\uae40\uac00\uacbd", "image": "", "slug": "kakung_kim", "email": "kakyung.kim@gmail.com", "desc": "\uc131\uade0\uad00\ub300\ud559\uad50 \uc0bc\uc131\uc735\ud569\uc758\uacfc\ud559\uc6d0 \ud3ec\uc2a4\ud2b8\ub2e5\uc73c\ub85c \uc788\uc2b5\ub2c8\ub2e4."}}, {"pk": 20, "model": "pyconkr.speaker", "fields": {"info": {"linkedin": "http://kr.linkedin.com/in/daesungkang"}, "name": "\uac15\ub300\uc131", "image": "speaker/daesung_kang.jpg", "slug": "daesung_kang", "email": "daesung7.kang@gmail.com", "desc": "8\ub144\ub3d9\uc548 \ub300\uae30\uc5c5\uc5d0 \uc788\ub2e4\uac00 \uc774\uc81c\uc57c \uc9c4\uc9dc \uc77c\uc744 \ud558\uace0 \uc788\uc2b5\ub2c8\ub2e4."}}, {"pk": 22, "model": "pyconkr.speaker", "fields": {"info": {"blog": "http://openlook.org/"}, "name": "\uc7a5\ud61c\uc2dd", "image": "speaker/perky.jpg", "slug": "perky", "email": null, "desc": "<p>\ucd08\ub300 \ud30c\uc774\uc36c \uc544\uc774\ub3cc</p>"}}, {"pk": 23, "model": "pyconkr.speaker", "fields": {"info": {"blog": "http://lqez.github.io/blog", "twitter": "https://twitter.com/lqez", "github": "https://github.com/lqez", "soundcloud": "https://soundcloud.com/lqez", "linkedin": "https://www.linkedin.com/in/hyunwoopark"}, "name": "\ubc15\ud604\uc6b0", "image": "speaker/lqez.jpg", "slug": "lqez", "email": "ez.amiryo@gmail.com", "desc": "\uc708\ub3c4\uc6b0\uc988\uc5d0\uc11c DirectX \ub85c \uac8c\uc784\uc744 \ub9cc\ub4e4\uba70 \uc5c5\uacc4\ub85c \ub4e4\uc5b4\uc640 10\ub144\uac04 \uc6b0\ubb3c\uc548 \uac1c\uad6c\ub9ac\ub85c \uc0b4\ub2e4, \ud30c\uc774\uc36c\uc744 \uc0ac\uc6a9\ud558\uba70 \uc6b0\ubb3c \ubc16\uc73c\ub85c \ub098\uc654\uc2b5\ub2c8\ub2e4. \uc791\uc740 \uacbd\ud5d8\ub3c4 \ub098\ub204\uba74 \ucee4\uc9c4\ub2e4\ub294 \uac83\uc744 \ubbff\uace0 \uc0ac\uc18c\ud55c \uc624\ud508\uc18c\uc2a4 \ud504\ub85c\uc81d\ud2b8\ub4e4\uc744 \uafb8\uc900\ud788 \ud574\ubcf4\ub824 \ub178\ub825\ud558\uace0 \uc788\uc2b5\ub2c8\ub2e4.<div><br><div><ul><li><a href=\"https://github.com/lqez/django-summernote\" target=\"_blank\">django-summernote</a></li><ul><li>Integrate summernote wysiwyg editor into Django</li></ul><li><a href=\"https://github.com/lqez/npk\" target=\"_blank\">npk</a></li><ul><li>neat package system written in C<br></li></ul></ul></div></div>"}}, {"pk": 1, "model": "pyconkr.program", "fields": {"category": 1, "speakers": [1], "name": "Scalable Infrastructure Build on Cloud with Python", "language": "ko", "slide_url": "", "times": [7], "rooms": [2], "date": 1, "desc": "I have developed cloud infrastructure and services for last 6+ years from \r\nprofile/nonprofit(research centric) organizations. For those 5 years, \r\nPython always have been the best tool for developing and managing large \r\ncloud system. I have used Python for very rapidly growing services and \r\nvery highend DevOps group. I will gladly discuss what my groups have \r\nworked for building scalable infrastructure with Cloud + Python combination.\r\n<div><br></div><div>Contents:&nbsp;</div><div><ul><li>Scalable infrastructure<br><span style=\"font-size: 14px; line-height: 1.42857143;\"></span></li><li><span style=\"font-size: 14px; line-height: 1.42857143;\">Python with Scalable Infrastructure(Cloud)</span><br></li><li>Automation with Python (Ansible, Fabric, Sal)<br></li><li>DevOps with Python<br><br></li></ul></div>"}}, {"pk": 2, "model": "pyconkr.program", "fields": {"category": 1, "speakers": [2], "name": "\uc704\ub300\ud55c dict \uc774\ud574\ud558\uace0 \uc0ac\uc6a9\ud558\uae30", "language": "ko", "slide_url": "", "times": [8], "rooms": [1], "date": 1, "desc": "\uc0ac\uc804(dict) \ud074\ub798\uc2a4\ub294 \ud30c\uc774\uc36c\uc758 \uac00\uc7a5 \ud575\uc2ec\uc801\uc778 \uc790\ub8cc \uad6c\uc870\ub85c, \uc88b\uc740 \ud30c\uc774\uc36c \ucf54\ub4dc\ub97c \uc791\uc131\ud558\uae30 \uc704\ud574\uc11c\ub294 dict\uc5d0 \ub300\ud574 \uc798 \uc774\ud574\ud558\ub294 \uac83\uc774 \ud544\uc218\uc801\uc785\ub2c8\ub2e4.<div>\uc774 \ubc1c\ud45c\uc5d0\uc11c\ub294 dict\uac00 \uc0ac\uc6a9\ub418\ub294 \uacf3, \ub3d9\uc791 \uc6d0\ub9ac, \uc0ac\uc6a9\uc2dc\uc758 \uc8fc\uc758 \uc0ac\ud56d \ub4f1\uc5d0 \ub300\ud574 \uc598\uae30\ud558\uace0 defaultdict\ub098 OrderedDict, Counter\uc640 \uac19\uc740 \ubcc0\uc885 \ud074\ub798\uc2a4\ub97c \uc18c\uac1c\ud558\uace0\uc790 \ud569\ub2c8\ub2e4.</div>"}}, {"pk": 3, "model": "pyconkr.program", "fields": {"category": 1, "speakers": [5], "name": "\uc81c\uc57d\uc744 \ub118\uc5b4 : Gevent", "language": "ko", "slide_url": "", "times": [4], "rooms": [1], "date": 1, "desc": "Python\uc5d0\ub294 \uba87\uac00\uc9c0 \uc81c\uc57d\uc774 \uc788\uc2b5\ub2c8\ub2e4. \ubb3c\ub860, \uadf8\ub7f0 \uc774\uc720\ub85c Python\uc744 \uba40\ub9ac\ud560 \ud544\uc694\ub294 \uc5c6\uc2b5\ub2c8\ub2e4. \uc8fc\ub85c I/O\uc5d0 \uc788\uc5b4\uc11c \uc5b4\ub5a4 \uc81c\uc57d\uc774 \uc788\ub294\uc9c0, \ub610 \uc4f0\uace0 \uc2f6\uc740 Python\uc744 \ub9c8\uc74c\uaecf \uc4f0\uba74\uc11c \uadf8 \uc81c\uc57d\uc744 \uc5b4\ub5bb\uac8c \uadf9\ubcf5\ud558\ub294\uc9c0 \ub17c\ud574\ubcf4\uace0\uc790 \ud569\ub2c8\ub2e4. \uc0ac\uc2e4, \uc81c\uc57d\uc744 \uadf9\ubcf5\ud558\uae30 \uc704\ud574 \ub9ce\uc740\uac78 \ud560 \ud544\uc694\ub3c4 \uc5c6\uc9c0\ub9cc\uc694.<br>"}}, {"pk": 4, "model": "pyconkr.program", "fields": {"category": 1, "speakers": [6], "name": "Python 3.4: AsyncIO", "language": "ko", "slide_url": "", "times": [5], "rooms": [1], "date": 1, "desc": "<div>\ube44\ub3d9\uae30\uc640 \ucf54\ub8e8\ud2f4\uc5d0 \ub300\ud55c \uac04\ub2e8\ud55c \uc124\uba85\uacfc \ud568\uaed8&nbsp;<span style=\"line-height: 24px;\">Python 3.4\uc5d0 \ucd94\uac00\ub41c Asynchronous I/O \ub77c\uc774\ube0c\ub7ec\ub9ac\uc778 asyncio\uc5d0 \ub300\ud574 \uc124\uba85\ud558\uace0, \uae30\uc874\uc5d0 \ub098\uc640\uc788\ub294 gevent \ub4f1\uc758 \ud504\ub808\uc784\uc6cc\ud06c\uc640\uc758 \ucc28\ubcc4\uc810\uc5d0 \ub300\ud574 \uc124\uba85\ud569\ub2c8\ub2e4.</span></div><div><span style=\"line-height: 24px;\"><br></span></div><div><span style=\"line-height: 24px;\">\uadf8\ub9ac\uace0 \uae30\uc874\uc5d0 threading \uae30\ubc18\uc73c\ub85c \uc9dc\uc5ec\uc838\uc788\ub358 \uc11c\ubc84 \ud504\ub85c\uadf8\ub7a8\uc744 asyncio\ub85c \ub2e4\uc2dc \uc9dc\ub294 \uacfc\uc815\uc744 \ud1b5\ud574 \ucf54\ub4dc\ub97c \ube44\uad50\ud558\uc5ec \ud30c\uc774\uc36c\uc5d0\uc11c \ube44\ub3d9\uae30 \uc791\uc5c5\uc744 \uad6c\ud604\ud558\ub294 \ubc29\ubc95\uc5d0 \ub300\ud574 \ub17c\uc758\ud574\ubd05\ub2c8\ub2e4.</span></div>"}}, {"pk": 5, "model": "pyconkr.program", "fields": {"category": 1, "speakers": [7], "name": "Python\uc73c\ub85c \ucfe0\ud0a4\ub7f0 \uc6b4\uc601\ud558\uae30", "language": "ko", "slide_url": "", "times": [3], "rooms": [2], "date": 1, "desc": "\ucfe0\ud0a4\ub7f0 for Kakao, LINE \ucfe0\ud0a4\ub7f0 \uc6b4\uc601\uc5d0 Python\uc744 \uc0ac\uc6a9\ud588\ub358 \uacbd\ud5d8\uc5d0 \ub300\ud55c \uacf5\uc720.\r\n\ub2e4\uc591\ud55c \uc77c\ub4e4\uc744 \ube60\ub974\uace0 \ud6a8\uc728\uc801\uc73c\ub85c \ucc98\ub9ac\ud558\ub294 \ub370\uc5d0 \uc0ac\uc6a9\ub418\uc5c8\ub358 Python\uc758 \uae30\ub2a5\ub4e4.<div><br></div><div><ul><li><span style=\"font-size: 14px; line-height: 20px;\">\uac8c\uc784 \ub370\uc774\ud130 \uad00\ub9ac \ub2e8\ubc88\uc5d0 \ud574\uacb0\ud558\uae30</span></li><li><span style=\"font-size: 14px; line-height: 20px;\">Celery\ub97c \uc774\uc6a9\ud558\uc5ec 10\ubd84\ub9cc\uc5d0 \uc804\uccb4 \uc0ac\uc6a9\uc790 \ud478\uc2dc\ubcf4\ub0b4\uae30</span></li><li><span style=\"font-size: 14px; line-height: 20px;\">\uc0b0\ud0c0\ub9db \ucfe0\ud0a4 \ubcf4\uc720 \uc720\uc800\ub97c \ucc3e\uc544\ub77c!</span></li></ul></div>"}}, {"pk": 6, "model": "pyconkr.program", "fields": {"category": 2, "speakers": [10], "name": "SociaLite: \ube45 \ub370\uc774\ud130 \ubd84\uc11d\uc744 \uc704\ud55c \ud30c\uc774\uc36c \ud1b5\ud569 \ucffc\ub9ac \uc5b8\uc5b4", "language": "ko", "slide_url": "", "times": [8], "rooms": [3], "date": 1, "desc": "SociaLite\uc740 \ub300\uc6a9\ub7c9 \uadf8\ub798\ud504\uc640 \ub370\uc774\ud130 \ubd84\uc11d\uc744 \uc704\ud574 \uac1c\ubc1c\ub41c \ucffc\ub9ac\uc5b8\uc5b4 \ubc0f \ub7f0\ud0c0\uc784 \uc2dc\uc2a4\ud15c\uc785\ub2c8\ub2e4<div><br></div><div>SQL\uc815\ub3c4\uc758 \uace0\uc218\uc900\uc758 \ucffc\ub9ac \uc5b8\uc5b4\ub85c \ub370\uc774\ud130 \ubd84\uc11d \ucf54\ub4dc\ub97c \uad6c\ud604\ud558\uba74, SociaLite \ucef4\ud30c\uc77c\ub7ec\uac00 \uc5ec\ub7ec\uac00\uc9c0 optimization\uc744 \uc801\uc6a9\ud574\uc11c \ub9e4\uc6b0 \ud6a8\uc728\uc801\uc778 \ubcd1\ub82c/\ubd84\uc0b0\ucf54\ub4dc\ub85c \ucef4\ud30c\uc77c\ud569\ub2c8\ub2e4.&nbsp;<span style=\"font-size: 14px; line-height: 1.42857143;\">\ucef4\ud30c\uc77c\ub41c \ucf54\ub4dc\ub294 Hadoop\uc5d0 \ube44\ud574\uc11c 1000\ubc30 \uc774\uc0c1 \ube60\ub974\uba70, \uc54c\uace0\ub9ac\uc998\uc5d0 \ub530\ub77c\uc11c C\ub85c \uad6c\ud604\ub41c (\ucd5c\uc801\ud654\ub41c) \ubcd1\ub82c\ucf54\ub4dc\uc640 \ube44\uc2b7\ud55c \uc131\ub2a5\uc744 \ub0bc \uc218 \uc788\uc2b5\ub2c8\ub2e4.</span></div><div><span style=\"font-size: 14px; line-height: 1.42857143;\"><br></span></div><div><span style=\"font-size: 14px; line-height: 1.42857143;\">SociaLite\uc5d0\uc11c \uc81c\uacf5\ud558\ub294 \ucd94\uc0c1\ud654(abstraction)\uc740 \ub300\uc6a9\ub7c9 \ub370\uc774\ud130 \ubd84\uc11d\uc744 \ub9e4\uc6b0 \uc27d\uac8c \ub9cc\ub4e4\uc5b4\uc90d\ub2c8\ub2e4. \uc608\ub97c \ub4e4\uc5b4, in-memory \ubd84\uc0b0 \ud14c\uc774\ube14\uc744 \uc774\uc6a9\ud574\uc11c \ub370\uc774\ud130\ub97c \uc27d\uac8c \ubd84\uc0b0\ud574\uc11c \uc800\uc7a5\ud560 \uc218 \uc788\uace0, \ub610 \uc544\uc8fc \uc27d\uac8c distributed join operation\ub4f1\uc744 \uc801\uc6a9\ud560 \uc218 \uc788\ub3c4\ub85d \ud569\ub2c8\ub2e4.</span></div><div><span style=\"font-size: 14px; line-height: 1.42857143;\"><br></span></div><div><span style=\"font-size: 14px; line-height: 1.42857143;\">\ub610\ud55c, SociaLite\uc740 \ud30c\uc774\uc36c\uacfc \uc798 \ud1b5\ud569\ub418\uc5b4 \uc788\uc5b4\uc11c \ud30c\uc774\uc36c \ucf54\ub4dc\uc640 SociaLite \ucffc\ub9ac\ub97c \uc11e\uc5b4\uc11c \uc0ac\uc6a9\ud574\uc11c \ub370\uc774\ud130 \ubd84\uc11d \ucf54\ub4dc\ub97c \uad6c\ud604\ud560 \uc218 \uc788\uc2b5\ub2c8\ub2e4. \ud30c\uc774\uc36c \ucf54\ub4dc \uc911\uac04\uc5d0 SociaLite \ucffc\ub9ac\ub97c \uc0ac\uc6a9\ud560 \uc218 \uc788\uc73c\uba70, \ucffc\ub9ac \ub0b4\uc5d0\uc11c \ud30c\uc774\uc36c \ubcc0\uc218\ub098 \ud568\uc218\ub4e4\uc744 \uc0ac\uc6a9\ud574\uc11c programming logic\uc744 \uad6c\ud604\ud560 \uc218 \uc788\uc2b5\ub2c8\ub2e4. \ud30c\uc774\uc36c\uacfc\uc758 \ud1b5\ud569\uc740 \uc5ec\ub7ec\uac00\uc9c0 \ub370\uc774\ud130 \ubd84\uc11d/\ub9c8\uc774\ub2dd \uc54c\uace0\ub9ac\uc998\uc744 \uc27d\uac8c \uad6c\ud604\ud560 \uc218 \uc788\ub3c4\ub85d \ud574 \uc8fc\ub294\ub370, \uc608\ub97c \ub4e4\uc5b4\uc11c K-Means clustering algorithm\uc740 \uba87\uc904 \uc774\ub0b4\uc758 query\uc640 \ud30c\uc774\uc36c \ud568\uc218\ub85c \ubcd1\ub82c \ubc0f \ubd84\uc0b0\ub41c version\uc744 \uad6c\ud604\ud560 \uc218 \uc788\uc2b5\ub2c8\ub2e4.&nbsp;</span></div><div><span style=\"font-size: 14px; line-height: 1.42857143;\"><br></span></div><div><span style=\"font-size: 14px; line-height: 1.42857143;\">\uc774 \ubc1c\ud45c\uc5d0\uc11c\ub294 SociaLite \ucffc\ub9ac\uc5b8\uc5b4 \uc18c\uac1c \ubc0f \uad6c\ud604 technique\ub4e4\uc744 \uc124\uba85\ud560 \uc608\uc815\uc774\uba70, \uc2dc\uac04\uc774 \ub41c\ub2e4\uba74 Gephi (graph visualization framework) \ub97c \uc774\uc6a9\ud55c \ub370\ubaa8\ub3c4 \ud560 \uc608\uc815\uc785\ub2c8\ub2e4.</span></div>"}}, {"pk": 7, "model": "pyconkr.program", "fields": {"category": 2, "speakers": [12], "name": "NetworkX\ub97c \uc774\uc6a9\ud55c \ub124\ud2b8\uc6cc\ud06c \ubd84\uc11d", "language": "ko", "slide_url": "", "times": [7], "rooms": [3], "date": 1, "desc": "<h4>NetworkX \uc18c\uac1c</h4><div><ul><li><span style=\"font-size: 14px; line-height: 20px;\">\ub124\ud2b8\uc6cc\ud06c?</span></li><li><span style=\"font-size: 14px; line-height: 20px;\">\ub124\ud2b8\uc6cc\ud06c\uc758 \uc785\ub825\uacfc \ucd9c\ub825</span></li><li><span style=\"font-size: 14px; line-height: 20px;\">NetworkX \ud29c\ud1a0\ub9ac\uc5bc</span></li></ul></div><div><br></div><h4>\uc0ac\uc6a9 \uc608\uc81c</h4><div><ul><li style=\"line-height: 24px;\"><span style=\"line-height: 1.42857143; font-size: 14px;\">\ub4dc\ub77c\ub9c8 \ub300\ubcf8 \ub124\ud2b8\uc6cc\ud06c</span></li><li><span style=\"font-size: 14px; line-height: 20px;\">\ud504\ub85c\uadf8\ub798\ubc0d \uc5b8\uc5b4 \ub124\ud2b8\uc6cc\ud06c</span></li><li><span style=\"font-size: 14px; line-height: 1.42857143;\">\ud398\uc774\uc2a4\ubd81 \ub124\ud2b8\uc6cc\ud06c</span><br></li></ul></div><div><br></div><h4>\uacb0\ub860</h4><div>SNA \ub610\ub294 Complex Network Analysis \ub4f1, \ub124\ud2b8\uc6cc\ud06c \ubd84\uc11d\uc740 \ud30c\uc774\uc36c\uc744 \uc774\uc6a9\ud558\uc5ec \uc27d\uac8c \uc9c4\ud589\ud560 \uc218 \uc788\ub2e4.</div>"}}, {"pk": 8, "model": "pyconkr.program", "fields": {"category": 2, "speakers": [13], "name": "\uae08\uc735 \ub370\uc774\ud130 \uc774\ud574\uc640 \ubd84\uc11d", "language": "ko", "slide_url": "", "times": [9], "rooms": [2], "date": 1, "desc": "\ud30c\uc774\uc36c\uc744 \uae30\ubc18\uc73c\ub85c \uae08\uc735\ub370\uc774\ud130(\uc8fc\uc2dd\uc2dc\uc7a5 \ub370\uc774\ud130)\uc5d0 \ub300\ud55c \uc774\ud574\uc640 \ubd84\uc11d\uc744 \uc704\ud55c \uad6c\uccb4\uc801\uc778 \ubc29\ubc95\ub4e4 \uc18c\uac1c\ud569\ub2c8\ub2e4.<div><br><div><ul><li><span style=\"font-size: 14px; line-height: 1.42857143;\">\uae08\uc735 \ub370\uc774\ud130 \uc218\uc9d1\uacfc \uc800\uc7a5</span><br></li><li><span style=\"font-size: 14px; line-height: 1.42857143;\">\uae08\uc735 \ub370\uc774\ud130\uc758 \uce21\uc815\uacfc \ud655\ub960\ubd84\ud3ec</span><br></li><li><span style=\"font-size: 14px; line-height: 1.42857143;\">\uae08\uc735 \ub370\uc774\ud130 \ud1b5\uacc4\ubd84\uc11d</span><br></li><li><span style=\"font-size: 14px; line-height: 1.42857143;\">\uae08\uc735 \uc704\ud5d8 \uce21\uc815</span><br></li><li><span style=\"font-size: 14px; line-height: 1.42857143;\">\uae30\uc220\uc801 \ubd84\uc11d (\uc2dc\uacc4\uc5f4 \ubd84\uc11d)</span><br></li><li><span style=\"font-size: 14px; line-height: 1.42857143;\">\ub370\uc774\ud130 \uc2dc\uac01\ud654</span><br></li></ul></div></div>"}}, {"pk": 9, "model": "pyconkr.program", "fields": {"category": 2, "speakers": [14], "name": "DNA \ub370\uc774\ud130\ub85c \uac00\uc871\ucc3e\uae30", "language": "ko", "slide_url": "", "times": [4], "rooms": [2], "date": 1, "desc": "DNA \ub370\uc774\ud130\ub97c \uc774\uc6a9\ud574\uc11c, \ub3d9\uc77c\uc131, \ubd80\ubaa8\uc790\uc2dd\uad00\uacc4, \uce5c\ucc99\uad00\uacc4\ub97c \uac80\uc0c9\ud560 \uc218 \uc788\ub294 \ub370\uc774\ud130\ubca0\uc774\uc2a4 \uc5b4\ud50c\ub9ac\ucf00\uc774\uc158\uc744 Pandas\uc640 Mongodb\ub85c \uad6c\ud604\ud55c \uc608\ub97c \uc54c\uae30 \uc27d\uac8c \uc124\uba85\ud569\ub2c8\ub2e4.<div><br></div><h4>\uc8fc\uc694 \ubaa9\ucc28</h4><div><ol><li><span style=\"font-size: 14px; line-height: 1.42857143;\">\uc720\uc804\ubcc0\uc774\uc758 \uc885\ub958, A-STR, Y-STR, mtDNA</span><br></li><li><span style=\"font-size: 14px; line-height: 1.42857143;\">DNA \uc2dd\ubcc4\uc815\ubcf4 \uac80\uc0ac\uc640 \uac80\uc0c9</span><br></li><li><span style=\"font-size: 14px; line-height: 1.42857143;\">\uadfc\uc0ac\uac80\uc0c9 (approximate search)</span><br></li><li><span style=\"font-size: 14px; line-height: 1.42857143;\">Pandas\uc640 Mongodb\ub97c \uc774\uc6a9\ud55c \ub370\uc774\ud130\ubca0\uc774\uc2a4 \uc5b4\ud50c\ub9ac\ucf00\uc774\uc158 \uad6c\ud604</span><br></li><li><span style=\"font-size: 14px; line-height: 1.42857143;\">\uac80\uc0c9\uacb0\uacfc\uc758 \uc870\ud569&nbsp;</span><br></li><li><span style=\"font-size: 14px; line-height: 1.42857143;\">\ud558\ud50c\ub85c\uadf8\ub8f9 \uc608\uce21</span><br></li></ol></div>"}}, {"pk": 10, "model": "pyconkr.program", "fields": {"category": 2, "speakers": [16], "name": "\uc790\ubc14, \ubbf8\uc548\ud558\ub2e4! \ud30c\uc774\uc36c \ud55c\uad6d\uc5b4 NLP", "language": "ko", "slide_url": "", "times": [7], "rooms": [1], "date": 1, "desc": "NLTK \ub355\uc5d0 \ud30c\uc774\uc36c\uc73c\ub85c \uc790\uc5f0\uc5b4\ucc98\ub9ac\ub97c \ud558\ub294 \uac83\uc774 \ud3b8\ub9ac\ud574\uc84c\ub2e4. \ub2e8, \ud55c\uad6d\uc5b4\ub9cc \ubd84\uc11d\ud558\ub824\ud558\uc9c0 \uc54a\ub294\ub2e4\uba74. \ud30c\uc774\uc36c\uc73c\ub85c \ud55c\uad6d\uc5b4\ub97c \ubd84\uc11d\ud560 \uc218\ub294 \uc5c6\uc744\uae4c? \uad6d\ubb38, \uc601\ubb38, \uc911\ubb38 \ub4f1 \ub2e4\uc591\ud55c \ubb38\uc790\uac00 \uc11e\uc5ec \uc788\ub294 \ubb38\uc11c\ub294 \uc5b4\ub5bb\uac8c \ubd84\uc11d\uc744 \ud560 \uc218 \uc788\uc744\uae4c?<div><br></div><div>\uc774 \ubc1c\ud45c\uc5d0\uc11c\ub294 \uc790\uc5f0\uc5b4\ucc98\ub9ac\uc758 \uae30\ucd08\uc801\uc778 \uac1c\ub150\uc744 \ub2e4\ub8ec \ud6c4, NLTK \ub4f1\uc758 \uc790\uc5f0\uc5b4\ucc98\ub9ac \ub77c\uc774\ube0c\ub7ec\ub9ac\uc640 \ud55c\uad6d\uc5b4 \ubd84\uc11d\uc744 \uc704\ud574 \uac1c\ubc1c\uc911\uc778 KoNLPy\ub97c \uc18c\uac1c\ud55c\ub2e4. \ub610, \ud30c\uc774\uc36c\uc73c\ub85c \ud55c\uad6d\uc5b4\ub97c \ubd84\uc11d\ud560 \ub54c \uc720\uc6a9\ud55c \uba87 \uac00\uc9c0 \ud2b8\ub9ad\uc744 \uacf5\uc720\ud55c\ub2e4.</div><div><br></div><div><a href=\"http://konlpy.readthedocs.org\" target=\"_blank\">http://konlpy.readthedocs.org</a></div>"}}, {"pk": 11, "model": "pyconkr.program", "fields": {"category": 2, "speakers": [17], "name": "Big data with 0% java", "language": "ko", "slide_url": "", "times": [5], "rooms": [3], "date": 1, "desc": "<ul><li><span style=\"font-size: 14px; line-height: 1.42857143;\">what is big data</span></li><li><span style=\"font-size: 14px; line-height: 1.42857143;\">what is map reduce</span><br></li><li><span style=\"font-size: 14px; line-height: 1.42857143;\">introducing disco (http://discoproject.org)</span></li><li><span style=\"font-size: 14px; line-height: 1.42857143;\">build your own cluster &amp; testing with it</span></li></ul><div><br></div><div>\ube45\ub370\uc774\ud130\uc640 map reduce \uc5d0 \ub300\ud574\uc11c \uc124\uba85\ud558\uace0, map-reduce \ud504\ub808\uc784\uc6cd disco(java free!!) \ub97c \uc18c\uac1c\ud569\ub2c8\ub2e4.</div><div><br></div>"}}, {"pk": 12, "model": "pyconkr.program", "fields": {"category": 3, "speakers": [4], "name": "Python with Cloud For Startup", "language": "ko", "slide_url": "", "times": [4], "rooms": [3], "date": 1, "desc": "\ud074\ub77c\uc6b0\ub4dc \uae30\ubc18 \uc11c\ube44\uc2a4\ub97c \uc704\ud55c \ud30c\uc774\uc36c \uac1c\ubc1c\uc790\ub97c \uc704\ud574\uc11c \uc27d\uace0 \ube60\ub978 \ud074\ub77c\uc6b0\ub4dc \uc11c\ube44\uc2a4 \uae30\ubc18 \uac1c\ubc1c\ud658\uacbd \uad6c\ucd95 \ubc0f \uc0ac\uc6a9\uacbd\ud5d8\uc744 \ub098\ub204\uace0\uc790 \ud569\ub2c8\ub2e4.<div><br></div><div><ol><li><span style=\"font-size: 14px; line-height: 1.42857143;\">\uc81c\ud488\uc774 \uc544\ub2cc '\uc11c\ube44\uc2a4'\ub97c \ub9cc\ub4e4\ub2e4.</span><br></li><ul><li><span style=\"font-size: 14px; line-height: 1.42857143;\">\uc11c\ube44\uc2a4 \ucd9c\uc2dc\ub97c \uc704\ud574\uc11c \ud30c\uc774\uc36c\uc744 \uc120\ud0dd\ud55c \uc774\uc720\ub97c \uac19\uc774 \ub098\ub204\uace0\uc790 \ud569\ub2c8\ub2e4.&nbsp;</span><br></li></ul><li><span style=\"font-size: 14px; line-height: 1.42857143;\">\uc27d\uace0 \ube60\ub978 \uac1c\ubc1c\uc740 \uc5c6\uc5c8\ub2e4.</span><br></li><ul><li><span style=\"font-size: 14px; line-height: 1.42857143;\">\ud30c\uc774\uc36c\uc774 \ub9cc\ub2a5\uc758 \uc5f4\uc1e0\ub294 \uc544\ub2c8\uc600\ub2e4. \ud558\uc9c0\ub9cc \uc911\uc694\ud55c \uc5ed\ud560\uc744 \ub2f4\ub2f9\ud558\uac8c \ub41c \uc0ac\uc5f0\uc744 \uc18c\uac1c\ud558\uace0 \uc2f6\uc2b5\ub2c8\ub2e4.</span><br></li></ul><li><span style=\"font-size: 14px; line-height: 1.42857143;\">\ud504\ub808\uc784\uc6cc\ud06c\uc758 \ud568\uc815\uc5d0 \ube60\uc9c0\ub2e4.</span><br></li><ul><li><span style=\"font-size: 14px; line-height: 1.42857143;\">\ud504\ub808\uc784\uc6cc\ud06c \uc0ac\uc6a9\uc2dc \uc8fc\uc758\ud574\uc57c \uc810\uc5d0 \ub300\ud574\uc11c \uc18c\uac1c\ud558\uace0\uc790 \ud569\ub2c8\ub2e4.</span><br></li></ul></ol></div>"}}, {"pk": 13, "model": "pyconkr.program", "fields": {"category": 3, "speakers": [8], "name": "Python\uae30\ubc18\uc758 MySQL Fabric\uc744 \uc774\uc6a9\ud55c \uc0e4\ub529 \ubc0f \ud655\uc7a5", "language": "en", "slide_url": "", "times": [5], "rooms": [2], "date": 1, "desc": "MySQL Fabric\uc740 \ud604\uc7ac  MySQL\uc744 \uc704\ud55c \ud655\uc7a5 \ubc0f \uace0\uac00\uc6a9\uc131(HA) \ub97c \uc9c0\uc6d0\ud558\uae30 \uc704\ud55c open source framework\uc785\ub2c8\ub2e4.  Python\uc73c\ub85c \uc791\uc131\ub41c MySQL Fabric \uc740 \uc624\ub77c\ud074 MySQL \uc5d4\uc9c0\ub2c8\uc5b4\ub9c1\ud300\uc5d0\uc11c \ub9b4\ub9ac\uc988\ud588\uc2b5\ub2c8\ub2e4. MySQL \uc11c\ubc84 \ud31c\uc744 \uc27d\uac8c \uad00\ub9ac\ud560 \uc218 \uc788\uc73c\uba70, \uc801\uc740 \uc218\uc758 \uc11c\ubc84\ub97c \uac00\uc9c4 \uc5b4\ud50c\ub9ac\ucf00\uc774\uc158\uc774\ub4e0 \ub9ce\uc740 \uc218\uc758 \uc11c\ubc84\ub97c \uac00\uc9c4 \uc5b4\ud50c\ub9ac\ucf00\uc774\uc158\uc774\ub4e0 \uc0c1\uad00\uc5c6\uc774 \uc774\uc6a9\uac00\ub2a5\ud569\ub2c8\ub2e4.<div><br></div><div>\uc774 \uc138\uc158\uc5d0\uc11c MySQL Fabric\uc5d0 \ub300\ud55c \uc18c\uac1c \ubc0f \uace0\uac00\uc6a9\uc131 \ubc0f \uc0e4\ud305\uc744 \uc5b4\ub5bb\uac8c \uc9c0\uc6d0\ud558\ub294\uc9c0 \uadf8\ub9ac\uace0 MySQL Fabric\uc758  \ucd5c\uc2e0 \uae30\ub2a5\ub4e4\uc758 \uc7a5\uc810\uc744 \uc774\uc6a9\ud574 \uc5b4\ud50c\ub9ac\ucf00\uc774\uc158\uc744 \uc791\uc131\ud558\uace0 \uad00\ub9ac\ud558\ub294\uc9c0\uc5d0 \ub300\ud574 \uc544\uc2dc\uac8c \ub418\uc2e4\uac81\ub2c8\ub2e4.</div>"}}, {"pk": 14, "model": "pyconkr.program", "fields": {"category": 3, "speakers": [11], "name": "IPython\uacfc Pandas\ub97c \ud65c\uc6a9\ud55c \uac8c\uc784\ub370\uc774\ud130 \ubd84\uc11d", "language": "ko", "slide_url": "", "times": [3], "rooms": [1], "date": 1, "desc": "IPython Notebook\uc758 \ud3b8\ub9ac\ud55c \uae30\ub2a5\uacfc Pandas\uc758 \uac15\ub825\ud55c \ub370\uc774\ud130 \ubd84\uc11d \ub2a5\ub825\uc73c\ub85c \uac8c\uc784 \ub85c\uadf8 \ubd84\uc11d \uc2dc\uc2a4\ud15c(WzDat)\uc744 \uad6c\ucd95\ud55c \uc0ac\ub840\ub97c \uc18c\uac1c\ud569\ub2c8\ub2e4. \ub2e4\uc74c\uacfc \uac19\uc740 \ub0b4\uc6a9\uc744 \ud3ec\ud568\ud558\uace0 \uc788\uc2b5\ub2c8\ub2e4:<div><br></div><div><ul><li>\uc708\ub3c4\uc6b0 \uac8c\uc784\uc11c\ubc84\uc5d0\uc11c \ub9ac\ub205\uc2a4\ub85c\uc758 \ub370\uc774\ud130 \ud3ec\uc6cc\ub529</li><li>90,000\uac1c\uc758 \ub85c\uadf8 \ud30c\uc77c\uc5d0\uc11c \uc6d0\ud558\ub294 \uac83 \ucc3e\uc544\ub0b4\uae30</li><li>\ub85c\uadf8 \ud30c\uc77c\uc758 \ub0b4\uc6a9\uc744 \uac80\uc0c9\ud558\uace0 Pandas\uc758 DataFrame\uc73c\ub85c \ubcc0\ud658</li><li>IPython\uc5d0\uc11c \ub370\uc774\ud130 \ubd84\uc11d\ud558\uace0 \uadf8\ub798\ud504 \uadf8\ub9ac\uae30</li><li>\ub300\uc2dc\ubcf4\ub4dc\ub97c \ud1b5\ud574 \uacf5\uc720\ud558\uae30</li><li>\uc2dc\uc2a4\ud15c\uc744 \ub9cc\ub4e4\uba70 \ubc30\uc6b4 \uc810\ub4e4</li></ul><div><br></div></div>"}}, {"pk": 15, "model": "pyconkr.program", "fields": {"category": 3, "speakers": [15], "name": "30\ubd84\ub9cc\uc5d0 \ub530\ub77c\ud558\ub294 \ub3d9\uc2dc\uc131 \uc6f9 \uc2a4\ud06c\ub798\ud37c", "language": "ko", "slide_url": "", "times": [8], "rooms": [2], "date": 1, "desc": "\ube45\ub370\uc774\ud130, \ub370\uc774\ud130\ub9c8\uc774\ub2dd, \uacf5\uacf5\ub370\uc774\ud130, \uc624\ud508\ub370\uc774\ud130 - \uadf8 \uc5b4\ub290\ub54c\ubcf4\ub2e4 \ub370\uc774\ud130 \ubd84\uc11d \ubc0f \ud65c\uc6a9\uc774 \uc911\uc694\ud574\uc9c4 \uc774 \uc2dc\uae30\uc5d0 \uc6f9 \uc0c1\uc758 \uc218\ub9ce\uc740 \uacf5\uac1c\ub41c \uc790\ub8cc\ub97c \uc9c1\uc811 \uc218\uc9d1\ud560 \uc218 \uc788\ub294 \uc6f9 \uc2a4\ud06c\ub798\ud551/\ud06c\ub864\ub9c1 \uae30\uc220\uc740 \ub370\uc774\ud130 \uc218\uc9d1 \ubc0f \ud65c\uc6a9 \ub2a5\ub825\uc5d0 \ud070 \ub3c4\uc6c0\uc774 \ub429\ub2c8\ub2e4.<div><br></div><div>\uc774 \uac15\uc758\uc5d0\uc11c\ub294 \ud06c\ub864\ub9c1 \ud504\ub808\uc784\uc6cd\uc744 \uc0ac\uc6a9\ud558\uc9c0 \uc54a\uace0 HTTP, DOM, concurrency\ub97c \ub2f4\ub2f9\ud558\ub294 \uae30\ubcf8\uc801\uc778 \ub77c\uc774\ube0c\ub7ec\ub9ac\ub9cc\uc744 \uc0ac\uc6a9\ud574 \uc9c1\uc811 \uc6f9 \uc2a4\ud06c\ub798\ud37c\ub97c \ucc98\uc74c\ubd80\ud130(from scratch) \uc791\uc131\ud574 \ubd04\uc73c\ub85c\uc368, \uc5b8\uc81c\ub4e0 \uc790\uc720\ub3c4 \ub192\uc740 \ub3d9\uc2dc\uc131 \ud06c\ub864\ub7ec\ub97c \uc9c1\uc811 \uad6c\ud604\ud560 \uc218 \uc788\ub3c4\ub85d \uc791\ub3d9 \uc6d0\ub9ac\ub97c \uc774\ud574\ud560 \uc218 \uc788\ub3c4\ub85d \ud569\ub2c8\ub2e4.</div>"}}, {"pk": 16, "model": "pyconkr.program", "fields": {"category": 3, "speakers": [3], "name": "\ub124\ud2b8\uc6cc\ud06c \uc5d4\uc9c0\ub2c8\uc5b4\ub4e4\uc744 \uc704\ud55c Python", "language": "ko", "slide_url": "", "times": [3], "rooms": [3], "date": 1, "desc": "<div class=\"im\" style=\"color: rgb(80, 0, 80); font-family: arial, sans-serif; font-size: 13px; line-height: normal;\"><div>\ud074\ub77c\uc6b0\ub4dc \ucef4\ud4e8\ud305 \ud658\uacbd\uc744 \ube44\ub86f\ud558\uc5ec SDN(Software Defined Networking) \uadf8\ub9ac\uace0 \ub124\ud2b8\uc6cd \uac00\uc0c1\ud654 \ub4f1\uc744 \ud3ec\ud568\ud574\uc11c \ud604\uc7ac \ub370\uc774\ud130\uc13c\ud130\ub97c \uad6c\uc131\ud558\ub294 \ub124\ud2b8\uc6cd\uc5d0 \ub300\ud574 \ud070 \ubcc0\ud654\uac00 \uc77c\uc5b4\ub098\uace0 \uc788\uc2b5\ub2c8\ub2e4.</div><div>\uc774\ub7ec\ud55c \ubcc0\ud654\ub97c \uc218\uc6a9\ud558\uae30 \uc704\ud574\uc11c \uc9c0\uae08\uae4c\uc9c0\uc758 \ub124\ud2b8\uc6cd \uc7a5\ube44\ub4e4\uacfc\ub294 \uc804\ud600 \ub2e4\ub978 \ud558\ub4dc\uc6e8\uc5b4\uc640 \uc18c\ud504\ud2b8\uc6e8\uc5b4 \uc544\ud0a4\ud14d\uccd0\ub97c \uae30\ubc18\uc73c\ub85c \uc774\ub354\ub137 \uc2a4\uc704\uce58 \uc7a5\ube44\ub4e4\uc774 \ubcc0\ud654\ub418\uace0 \uc788\uc2b5\ub2c8\ub2e4.</div></div><div style=\"color: rgb(34, 34, 34); font-family: arial, sans-serif; font-size: 13px; line-height: normal;\">\ud574\ub2f9 \ubc1c\ud45c \ub0b4\uc6a9\uc5d0\uc11c\ub294 \uc774\ub7ec\ud55c \ub370\uc774\ud130\uc13c\ud130\uc5d0 \uc0ac\uc6a9\ub418\ub294 \uc774\ub354\ub137 \uc2a4\uc704\uce58\ub4e4\uc758 \ubc1c\uc804\uacfc \ubcc0\ud654 \uadf8\ub9ac\uace0 \ub370\uc774\ud130\uc13c\ud130 \ub124\ud2b8\uc6cd\uc758 \uc81c\uc5b4/\uad00\ub9ac/\uc6b4\uc601 \ub4f1\uc5d0 Python\uc774 \uc5b4\ub5bb\uac8c \uc0ac\uc6a9\ub418\ub294\uc9c0 \ub4f1\uc758 \ub0b4\uc6a9\uc744 \uc804\ub2ec\ud574 \ub4dc\ub9ac\uace0 \uc544\ub9ac\uc2a4\ud0c0 \ub124\ud2b8\uc6cd\uc2a4\uc5d0\uc11c \uac1c\ubc1c\ud55c JSON-RPC \uae30\ubc18 REST API\uc778 eAPI\ub97c \ud65c\uc6a9\ud55c Python scripting \uadf8\ub9ac\uace0 Python \uae30\ubc18\uc758 ZTP(Zero Touch Provisioning) \uc11c\ubc84\ub97c \ud65c\uc6a9\ud55c \ub370\uc774\ud130\uc13c\ud130 \uc778\ud504\ub77c\uc2a4\ud2b8\ub7ed\uccd0 \uc790\ub3d9\ud654 \uadf8\ub9ac\uace0 Ansible\uc744 \ud65c\uc6a9\ud55c \ub370\uc774\ud130\uc13c\ud130 \uc2a4\uc704\uce58 configuration \uad00\ub9ac \ub4f1\uc5d0 \ub300\ud574 \uc124\uba85 \ub4dc\ub9ac\uace0 \uc2f6\uc2b5\ub2c8\ub2e4.</div>"}}, {"pk": 17, "model": "pyconkr.program", "fields": {"category": 4, "speakers": [18], "name": "Hadoop & Python", "language": "ko", "slide_url": "", "times": [10], "rooms": [], "date": 1, "desc": "<ol><li><span style=\"font-size: 14px; line-height: 1.42857143;\">ubuntu \ud658\uacbd\uc5d0\uc11c python\uc5b8\uc5b4\ub97c \uc774\uc6a9, hadoop\uc744 \ub3d9\uc791\uc2dc\ud0ac\ub54c \ud544\uc694\ud55c \uac83\ub4e4\uc744 \uc18c\uac1c</span><br></li><li><span style=\"font-size: 14px; line-height: 1.42857143;\">\ub370\uc774\ud130 \ud06c\ub864\ub9c1 \ubc0f \ud30c\uc2f1</span><br></li></ol>"}}, {"pk": 18, "model": "pyconkr.program", "fields": {"category": 4, "speakers": [19], "name": "IPython\uc73c\ub85c \uc0c1\ud638\uc801, \uc7ac\ud604 \uac00\ub2a5\ud55c \uc0dd\ubb3c\uc815\ubcf4\ud559 \uc5f0\uad6c\ud558\uae30", "language": "ko", "slide_url": "", "times": [10], "rooms": [], "date": 1, "desc": "\uc0dd\ubb3c\ud559 \uc5f0\uad6c\uc5d0 \ub300\ud574 \uae30\uc874\uc5d0 \uc218\ud589\ub418\uc5c8\ub358 \ube44\uc0c1\ud638\uc801, \uc77c\ud68c\uc801 \ubd84\uc11d \ubc29\ubc95\uc744 IPython\uc744 \uc774\uc6a9\ud55c \uc0c1\ud638\uc801, \uc7ac\ud604 \uac00\ub2a5\ud55c \uc0dd\ubb3c\uc815\ubcf4\ud559 \ubd84\uc11d\uc744 \uc218\ud589\ud55c \uc0ac\ub840\ub97c \uc18c\uac1c\ud558\uace0\uc790 \ud55c\ub2e4."}}, {"pk": 19, "model": "pyconkr.program", "fields": {"category": 4, "speakers": [20], "name": "\uad6d\ubbfc\ub0b4\ube44 \uae40\uae30\uc0ac\uc640 Python", "language": "ko", "slide_url": "", "times": [10], "rooms": [], "date": 1, "desc": "<div><span style=\"line-height: 24px;\">\uad6d\ubbfc\ub0b4\ube44 \uae40\uae30\uc0ac\uc5d0\uc11c \ube45\ub370\uc774\ud130 \ubd84\uc11d\uc744 \uc704\ud574&nbsp;</span><span style=\"line-height: 24px;\">Python\uc5d0\uc11c MongoDB, PIL(Python Image Library), \uc6f9\uc11c\ubc84(SimpleHTTPServer)\ub97c \ud65c\uc6a9\ud55c \uc0ac\ub840 \uc18c\uac1c.</span><br></div><div><br></div><div><div><div><br></div></div></div>"}}, {"pk": 20, "model": "pyconkr.program", "fields": {"category": null, "speakers": [22], "name": "\uac1c\ud68c\uc0ac", "language": "ko", "slide_url": "", "times": [2], "rooms": [1, 2, 3], "date": 1, "desc": "<p>\ud30c\uc774\ucf58 \ud55c\uad6d 2014\uc758 \uac1c\ud68c\uc0ac</p>"}}, {"pk": 21, "model": "pyconkr.program", "fields": {"category": null, "speakers": [], "name": "\ucc38\uac00\uc790 \ub4f1\ub85d", "language": "ko", "slide_url": "", "times": [1], "rooms": [1, 2, 3], "date": 1, "desc": ""}}, {"pk": 22, "model": "pyconkr.program", "fields": {"category": null, "speakers": [], "name": "Lightning talk", "language": "ko", "slide_url": "", "times": [10], "rooms": [1, 2, 3], "date": 1, "desc": "<p>\ub77c\uc774\ud2b8\ub2dd \ud1a0\ud06c\ub97c \uc9c4\ud589\ud569\ub2c8\ub2e4.</p>"}}, {"pk": 23, "model": "pyconkr.program", "fields": {"category": null, "speakers": [], "name": "\ud3d0\ud68c\uc0ac", "language": "ko", "slide_url": "", "times": [11], "rooms": [1, 2, 3], "date": 1, "desc": "<p>\ud3d0\ud68c\uc0ac</p>"}}, {"pk": 24, "model": "pyconkr.program", "fields": {"category": null, "speakers": [], "name": "BOF", "language": "ko", "slide_url": "", "times": [12], "rooms": [1, 2, 3], "date": 1, "desc": "<p>BOF</p>"}}, {"pk": 25, "model": "pyconkr.program", "fields": {"category": 1, "speakers": [9], "name": "Geofront \uac1c\ubc1c \ud6c4\uae30: Python 2\uc640 \uc791\ubcc4\ud558\uace0 Python 3\ub85c \uac1c\ubc1c\ud558\uae30", "language": "ko", "slide_url": "", "times": [9], "rooms": [1], "date": 1, "desc": "<p>Geofront\ub294 \uc18c\uaddc\ubaa8 \ud300\uc5d0\uc11c \uc6b4\uc601\ud558\ub294 \uc11c\ubc84\uc5d0 \uc778\uc99d\ud558\ub294 SSH \ud0a4\ub97c \uad00\ub9ac\ud558\uae30 \uc704\ud55c \uc624\ud508 \uc18c\uc2a4 \uc18c\ud504\ud2b8\uc6e8\uc5b4\uc785\ub2c8\ub2e4. (Geofront \uc790\uccb4\uc5d0 \ub300\ud55c \uc124\uba85\uc740 \uc2a4\ud3ec\uce74 \uac1c\ubc1c\ud300 \ube14\ub85c\uadf8\uc5d0 \uc62c\ub77c\uc628 <a href=\"http://spoqa.github.io/2014/07/09/geofront.html\">Geofront: \uc18c\uaddc\ubaa8 \ud300\uc744 \uc704\ud55c SSH \ud0a4 \uad00\ub9ac \uc11c\ube44\uc2a4</a>\ub97c \uc77d\uc5b4\uc8fc\uc138\uc694.)</p><p>Geofront\ub294 Python 3 \uc804\uc6a9\uc73c\ub85c \uc791\uc131\ub418\uc5c8\ub294\ub370, Python 3\ub9cc \uc0ac\uc6a9\ud558\uc5ec \uac1c\ubc1c\ud558\uba70 \uacbd\ud5d8\ud55c \ubc14\ub97c \uacf5\uc720\ud569\ub2c8\ub2e4.</p><p>\uc8fc\ub85c Python 2\ub97c \uc4f8 \ub54c\uc5d0 \ube44\uad50\ud574\uc11c Python 3\ub97c \uc4f0\uba74 \uc5b4\ub5a4 \uc810\uc774 \uc88b\uc740\uc9c0, \uacfc\uc5f0 \uc774\uc81c \uc815\ub9d0 Python 3\ub97c \uc368\ub3c4 \uad1c\ucc2e\uc740 \uac83\uc778\uc9c0, Python 3\ub97c \uc4f8 \ub54c \uc720\uc758\ud574\uc57c\ud560 \uac83\uc774 \ubb34\uc5c7\uc774 \uc788\ub294\uc9c0\ub97c \ub2e4\ub8e8\ub824\uace0 \ud569\ub2c8\ub2e4.<br></p>"}}, {"pk": 26, "model": "pyconkr.program", "fields": {"category": 4, "speakers": [23], "name": "\uadf8\ub987\ub41c \ud32c\uc2ec\uc758 \uc5b4\uae0b\ub09c \uacb0\ub9d0", "language": "ko", "slide_url": "", "times": [10], "rooms": [], "date": 1, "desc": "<p>2013\ub144 \ub125\uc2a8 \uac1c\ubc1c\uc790 \ucee8\ud37c\ub7f0\uc2a4(NDC)\ub97c \uc704\ud574 \uc624\ub85c\uc9c0 \ud32c\uc2ec\uc73c\ub85c \ub9cc\ub4e4\uc5b4\uc9c4 \ud648\ud398\uc774\uc9c0 ndc13\uc774 \ud30c\uc774\ucf58 \ud55c\uad6d 2014 \ud648\ud398\uc774\uc9c0\ub85c \uac70\ub4ed\ub098\uae30\uae4c\uc9c0\uc758 \ub4b7\uc774\uc57c\uae30\ub97c \uc9e7\uac8c \uc18c\uac1c\ud558\uace0\uc790 \ud569\ub2c8\ub2e4.</p><p></p><ul><li>ndc13 :&nbsp;<a href=\"https://github.com/lqez/ndc13\" target=\"_blank\">https://github.com/lqez/ndc13</a></li><li>NDC \ud32c\ud398\uc774\uc9c0 \ud6c4\uae30 :&nbsp;<a href=\"http://lqez.github.io/blog/making-a-fan-page-for-a-developer-conference.html\" target=\"_blank\">http://lqez.github.io/blog/making-a-fan-page-for-a-developer-conference.html</a></li></ul><p></p>"}}, {"pk": 1, "model": "pyconkr.announcement", "fields": {"desc": "<p style=\"font-family: 'Open Sans', 'Helvetica Neue', 'Apple SD Gothic Neo', 'Nanum Gothic', Arial, 'Apple Gothic', sans-serif; line-height: 24px; color: rgb(102, 102, 102); font-size: 15px;\">PyCon(\ud30c\uc774\ucf58)\uc740 \uc138\uacc4 \uac01\uad6d\uc758 \ud30c\uc774\uc36c \ud504\ub85c\uadf8\ub798\ubc0d \uc5b8\uc5b4 \ucee4\ubba4\ub2c8\ud2f0\uc5d0\uc11c \uc8fc\uad00\ud558\ub294 \ube44\uc601\ub9ac \ucee8\ud37c\ub7f0\uc2a4\uc785\ub2c8\ub2e4.</p><p style=\"font-family: 'Open Sans', 'Helvetica Neue', 'Apple SD Gothic Neo', 'Nanum Gothic', Arial, 'Apple Gothic', sans-serif; line-height: 24px; color: rgb(102, 102, 102); font-size: 15px;\">\ud30c\uc774\uc36c \ub9c8\uc744\uc744 \uc2dc\uc791\uc73c\ub85c \ud55c \ud55c\uad6d \ud30c\uc774\uc36c \ucee4\ubba4\ub2c8\ud2f0\ub294 \ubc8c\uc368 \uadf8 \uc5ed\uc0ac\uac00 15\ub144\uc774\ub098 \ub418\uc5c8\uc9c0\ub9cc, \ud55c\uad6d \ud30c\uc774\uc36c \uc0ac\uc6a9\uc790\ub4e4\uc744 \uc704\ud55c \ud30c\uc774\ucf58\uc740 \uc62c\ud574 \ucc98\uc74c\uc73c\ub85c \uc5f4\ub9ac\uac8c \ub418\uc5c8\uc2b5\ub2c8\ub2e4.&nbsp;<span style=\"line-height: 1.42857143;\">\ubcf8 \ucee8\ud37c\ub7f0\uc2a4\ub97c \uc900\ube44/\uc6b4\uc601\ud558\ub294 \ud30c\uc774\ucf58 \ud55c\uad6d\ud300\uc740 \uac74\uac15\ud55c \uad6d\ub0b4 \ud30c\uc774\uc36c \uc0dd\ud0dc\uacc4\uc5d0 \ubcf4\ud0ec\uc774 \ub418\uace0\uc790 \ucee4\ubba4\ub2c8\ud2f0 \uba64\ubc84\ub4e4\uc758 \uc790\ubc1c\uc801\uc778 \ubd09\uc0ac\ub85c \uc6b4\uc601\ub418\uace0 \uc788\uc2b5\ub2c8\ub2e4.</span></p><p style=\"font-family: 'Open Sans', 'Helvetica Neue', 'Apple SD Gothic Neo', 'Nanum Gothic', Arial, 'Apple Gothic', sans-serif; line-height: 24px; color: rgb(102, 102, 102); font-size: 15px;\">\uc62c\ud574 \ucc98\uc74c\uc73c\ub85c \uc5f4\ub9ac\ub294 \u2018\ud30c\uc774\ucf58 \ud55c\uad6d\u2019\uc744 \ud1b5\ud574 \uc0c8\ub85c\uc6b4 \uae30\uc220\uacfc \uc815\ubcf4\ub97c \uacf5\uc720\ud558\uace0 \ucc38\uc11d\uc790\ub4e4\uc774 \uc11c\ub85c \uad50\ub958\ud560 \uc218 \uc788\ub294 \ub300\ud45c\uc801\uc778 \ud589\uc0ac\uac00 \ub418\uae30\ub97c \ud76c\ub9dd\ud569\ub2c8\ub2e4.</p>", "created": "2014-08-09T01:08:07.347Z", "modified": "2014-08-17T23:45:07.134Z", "title": "\ud30c\uc774\ucf58 \ud55c\uad6d 2014\ub97c \uac1c\ucd5c\ud569\ub2c8\ub2e4"}}, {"pk": 2, "model": "pyconkr.announcement", "fields": {"desc": "<p>\ud30c\uc774\ucf58 \ud55c\uad6d 2014 \uc758 \ud0a4\ub178\ud2b8 \uc2a4\ud53c\ucee4\ub294 &nbsp;\uc7a5\ud61c\uc2dd\ub2d8\uc774\uc2ed\ub2c8\ub2e4.<br></p><p>\uc774\ubc88 \ud0a4\ub178\ud2b8 \uc2a4\ud53c\ud0b9\uc740 \ud55c\uad6d\uc5d0\uc11c\uc758 \ud30c\uc774\uc36c\uc5d0 \ub300\ud574\uc11c \uc774\uc57c\uae30\ud558\uc2e4 \uc608\uc815\uc785\ub2c8\ub2e4.</p><p>\ud61c\uc2dd\ub2d8\uc740&nbsp;\ud30c\uc774\uc36c \ub9c8\uc744\uc744 15\ub144\uc9f8 \uc6b4\uc601\ud558\uace0 \uc788\uc2b5\ub2c8\ub2e4. \ucf54\ub371, \uc720\ub2c8\ucf54\ub4dc, \uc774\ud130\ub808\uc774\ud130, \uc720\ub2c9\uc2a4 \ud50c\ub7ab\ud3fc \uc9c0\uc6d0 \ub4f1\uacfc \uad00\ub828\ud574\uc11c 2002\ub144\ubd80\ud130 \ud30c\uc774\uc36c \ucee4\ubbf8\ud130\ub85c \ud65c\ub3d9\uc744 \ud574\uc654\uc73c\uba70, 2003\ub144\ubd80\ud130\ub294 \ud30c\uc774\uc36c \uc18c\ud504\ud2b8\uc6e8\uc5b4 \uc7ac\ub2e8 \ud68c\uc6d0\uc73c\ub85c \ud22c\ud45c\uad8c\uc744 \ud589\uc0ac\ud558\uace0 \uc788\uc2b5\ub2c8\ub2e4. \ud30c\uc774\uc36c\uc744 \uc774\uc6a9\ud55c \uacfc\ud559 \uc5f0\uc0b0\uacfc \uc2dc\uac01\ud654\uc5d0 \uad00\uc2ec\uc774 \ub9ce\uc2b5\ub2c8\ub2e4. \uc9c0\uae08\uc740 \uc11c\uc6b8\ub300\ud559\uad50 RNA\uc5f0\uad6c\ub2e8\uc5d0\uc11c \ubd84\uc790\uc0dd\ubb3c\ud559\uc744 \uc5f0\uad6c\ud558\uace0 \uc788\uc2b5\ub2c8\ub2e4.</p>", "created": "2014-08-11T09:33:51.533Z", "modified": "2014-08-11T20:01:17.613Z", "title": "\ud0a4\ub178\ud2b8 \uc2a4\ud53c\ucee4\ub294 \uc7a5\ud61c\uc2dd\ub2d8\uc774 \ub9e1\uc544\uc8fc\uc168\uc2b5\ub2c8\ub2e4."}}, {"pk": 3, "model": "pyconkr.announcement", "fields": {"desc": "<p>ZDNet \uc5d0 \ud30c\uc774\ucf58 \ud55c\uad6d 2014\uc5d0 \ub300\ud55c \uc18c\uac1c \uae30\uc0ac\uac00 \uac8c\uc7ac\ub418\uc5c8\uc2b5\ub2c8\ub2e4.</p><p>\ub9c1\ud06c :&nbsp;<a href=\"http://www.zdnet.co.kr/news/news_view.asp?artice_id=20140808162008\" target=\"_blank\">\u97d3 \uac1c\ubc1c\uc790 \ucee4\ubba4\ub2c8\ud2f0\uc11c \ud30c\uc774\uc36c \ub3cc\ud48d \ubd80\ub098</a><br></p>", "created": "2014-08-11T16:17:56.881Z", "modified": "2014-08-12T03:22:26.172Z", "title": "ZDNet \uc5d0 \ud30c\uc774\ucf58 \ud55c\uad6d 2014\uac00 \uc18c\uac1c\ub418\uc5c8\uc2b5\ub2c8\ub2e4."}}, {"pk": 1, "model": "pyconkr.jobfair", "fields": {"sponsor": 4, "desc": "<p><span style=\"color: rgb(34, 34, 34); font-family: \ub098\ub214\uace0\ub515, NanumGothic, sans-serif; font-size: 13px; line-height: normal;\">\ub124\uc774\ubc84\uc758 \uac1c\ubc1c\uc790 \uc9c0\uc6d0 \ud504\ub85c\uadf8\ub7a8\uc778 'D2'\ub97c \uc18c\uac1c\ud569\ub2c8\ub2e4.</span><br></p>", "name": "D2", "location": "\uc82c\ub9c8\ud640 \uc55e \ubcf5\ub3c4"}}, {"pk": 2, "model": "pyconkr.jobfair", "fields": {"sponsor": 6, "desc": "<p>\ucde8\uc5c5 \uc124\uba85\ud68c</p>", "name": "\uc778\uc2e4\ub9ac\ucf54\uc820", "location": "\uc82c\ub9c8\ud640 \uc55e \ubcf5\ub3c4"}}, {"pk": 3, "model": "pyconkr.jobfair", "fields": {"sponsor": 3, "desc": "<p>\ucde8\uc5c5 \uc124\uba85\ud68c</p>", "name": "\uc694\uae30\uc694", "location": "\uc82c\ub9c8\ud640 \uc55e \ubcf5\ub3c4"}}, {"pk": 4, "model": "pyconkr.jobfair", "fields": {"sponsor": 9, "desc": "<p>\ub3c4\uc11c \ud310\ub9e4</p><p>* \ud55c\ube5b\ubbf8\ub514\uc5b4\uc640 \ud568\uaed8\ud569\ub2c8\ub2e4.</p>", "name": "\uc778\uc0ac\uc774\ud2b8", "location": "\uc82c\ub9c8\ud640 \uc55e \ubcf5\ub3c4"}}, {"pk": 5, "model": "pyconkr.jobfair", "fields": {"sponsor": 8, "desc": "<p>\ub3c4\uc11c \ud310\ub9e4</p><p>* \uc778\uc0ac\uc774\ud2b8\uc640 \ud568\uaed8\ud569\ub2c8\ub2e4.</p>", "name": "\ud55c\ube5b\ubbf8\ub514\uc5b4", "location": "\uc82c\ub9c8\ud640 \uc55e \ubcf5\ub3c4"}}, {"pk": 1, "model": "pyconkr.emailtoken", "fields": {"token": "da4dd850-c902-4424-8812-7617981ec887", "email": "bluebambi@gmail.com", "created": "2014-08-15T09:10:07.905Z"}}, {"pk": 2, "model": "pyconkr.emailtoken", "fields": {"token": "3fab86e6-3524-43ff-b37a-22e05ef92e77", "email": "simulacre@gmail.com", "created": "2014-08-17T09:51:48.891Z"}}, {"pk": 3, "model": "pyconkr.emailtoken", "fields": {"token": "b06c5a62-914a-4aa6-96e2-00923b909b5e", "email": "gmaeodeod@gmail.com", "created": "2014-08-22T19:30:15.248Z"}}, {"pk": 4, "model": "pyconkr.emailtoken", "fields": {"token": "fbca0ec4-b12f-40f6-91b6-702f508e51c2", "email": "hjeong@arista.com", "created": "2014-08-25T02:03:26.910Z"}}]